<?xml version="1.0"?>
<!DOCTYPE database SYSTEM "http://db.apache.org/torque/dtd/database_3_1.dtd">
<!-- Autogenerated by JDBCToXMLSchema! -->
<database name="LDB">
    <table name="AUTHOR">
        <column autoIncrement="true" default="GENERATED_BY_DEFAULT"
            name="AUTHOR_ID" primaryKey="true" required="true" type="INTEGER"/>
        <column name="AUTHOR_NAME" required="true" size="80" type="VARCHAR"/>
        <column name="AUTHOR_AGE" type="SMALLINT"/>
        <column default="CURRENT_TIMESTAMP" name="R_TIME"
            required="true" type="TIMESTAMP"/>
        <column default="CURRENT_TIMESTAMP" name="U_TIME"
            required="true" type="TIMESTAMP"/>
        <column default="default-user" name="R_USER" required="true"
            size="50" type="VARCHAR"/>
        <column default="default-user" name="U_USER" required="true"
            size="50" type="VARCHAR"/>
    </table>
    <table name="BLACK_ACTION">
        <column autoIncrement="true" default="GENERATED_BY_DEFAULT"
            name="BLACK_ACTION_ID" primaryKey="true" required="true" type="INTEGER"/>
        <column name="BLACK_LIST_ID" required="true" type="INTEGER"/>
        <column name="BLACK_ACTION_CODE" required="true" size="3" type="CHAR"/>
        <column name="BLACK_LEVEL" required="true" type="SMALLINT"/>
        <column name="ACTION_DATE" type="TIMESTAMP"/>
        <column name="EVIDENCE_PHOTOGRAPH" type="BLOB"/>
        <column default="CURRENT_TIMESTAMP" name="R_TIME"
            required="true" type="TIMESTAMP"/>
        <column default="CURRENT_TIMESTAMP" name="U_TIME"
            required="true" type="TIMESTAMP"/>
        <column default="default-user" name="R_USER" required="true"
            size="50" type="VARCHAR"/>
        <column default="default-user" name="U_USER" required="true"
            size="50" type="VARCHAR"/>
        <foreign-key foreignTable="BLACK_LIST">
            <reference foreign="BLACK_LIST_ID" local="BLACK_LIST_ID"/>
        </foreign-key>
        <foreign-key foreignTable="BLACK_ACTION_LOOKUP">
            <reference foreign="BLACK_ACTION_CODE" local="BLACK_ACTION_CODE"/>
        </foreign-key>
    </table>
    <table name="BLACK_ACTION_LOOKUP">
        <column name="BLACK_ACTION_CODE" primaryKey="true"
            required="true" size="3" type="CHAR"/>
        <column name="BLACK_ACTION_NAME" required="true" size="80" type="VARCHAR"/>
        <column default="CURRENT_TIMESTAMP" name="R_TIME"
            required="true" type="TIMESTAMP"/>
        <column default="CURRENT_TIMESTAMP" name="U_TIME"
            required="true" type="TIMESTAMP"/>
        <column default="default-user" name="R_USER" required="true"
            size="50" type="VARCHAR"/>
        <column default="default-user" name="U_USER" required="true"
            size="50" type="VARCHAR"/>
    </table>
    <table name="BLACK_LIST">
        <column autoIncrement="true" default="GENERATED_BY_DEFAULT"
            name="BLACK_LIST_ID" primaryKey="true" required="true" type="INTEGER"/>
        <column name="LB_USER_ID" required="true" type="INTEGER"/>
        <column name="BLACK_RANK" required="true" size="3" type="CHAR"/>
        <column default="CURRENT_TIMESTAMP" name="R_TIME"
            required="true" type="TIMESTAMP"/>
        <column default="CURRENT_TIMESTAMP" name="U_TIME"
            required="true" type="TIMESTAMP"/>
        <column default="default-user" name="R_USER" required="true"
            size="50" type="VARCHAR"/>
        <column default="default-user" name="U_USER" required="true"
            size="50" type="VARCHAR"/>
        <foreign-key foreignTable="LB_USER">
            <reference foreign="LB_USER_ID" local="LB_USER_ID"/>
        </foreign-key>
        <unique name="SQL061104052156840">
            <unique-column name="LB_USER_ID" position="1"/>
        </unique>
        <unique name="SQL061104052157040">
            <unique-column name="LB_USER_ID" position="1"/>
        </unique>
    </table>
    <table name="BOOK">
        <column autoIncrement="true" default="GENERATED_BY_DEFAULT"
            name="BOOK_ID" primaryKey="true" required="true" type="INTEGER"/>
        <column name="ISBN_NO" required="true" size="20" type="VARCHAR"/>
        <column name="BOOK_NAME" required="true" size="80" type="VARCHAR"/>
        <column name="AUTHOR_ID" required="true" type="INTEGER"/>
        <column name="PUBLISHER_ID" required="true" type="INTEGER"/>
        <column name="MAX_LENDING_DATE_COUNT" required="true" type="SMALLINT"/>
        <column name="GENRE_CODE" size="12" type="VARCHAR"/>
        <column name="OPENING_PART" type="CLOB"/>
        <column name="OUT_OF_USER_SELECT_YN" required="true" size="1" type="CHAR"/>
        <column name="OUT_OF_USER_SELECT_REASON" size="200" type="VARCHAR"/>
        <column default="CURRENT_TIMESTAMP" name="R_TIME"
            required="true" type="TIMESTAMP"/>
        <column default="CURRENT_TIMESTAMP" name="U_TIME"
            required="true" type="TIMESTAMP"/>
        <column default="default-user" name="R_USER" required="true"
            size="50" type="VARCHAR"/>
        <column default="default-user" name="U_USER" required="true"
            size="50" type="VARCHAR"/>
        <foreign-key foreignTable="AUTHOR">
            <reference foreign="AUTHOR_ID" local="AUTHOR_ID"/>
        </foreign-key>
        <foreign-key foreignTable="PUBLISHER">
            <reference foreign="PUBLISHER_ID" local="PUBLISHER_ID"/>
        </foreign-key>
        <foreign-key foreignTable="GENRE">
            <reference foreign="GENRE_CODE" local="GENRE_CODE"/>
        </foreign-key>
        <unique name="SQL061104052156850">
            <unique-column name="ISBN_NO" position="1"/>
        </unique>
    </table>
    <table name="COLLECTION">
        <column autoIncrement="true" default="GENERATED_BY_DEFAULT"
            name="COLLECTION_ID" primaryKey="true" required="true" type="INTEGER"/>
        <column name="LIBRARY_ID" required="true" type="SMALLINT"/>
        <column name="BOOK_ID" required="true" type="INTEGER"/>
        <column name="ARRIVAL_DATE" required="true" type="TIMESTAMP"/>
        <column default="CURRENT_TIMESTAMP" name="R_TIME"
            required="true" type="TIMESTAMP"/>
        <column default="CURRENT_TIMESTAMP" name="U_TIME"
            required="true" type="TIMESTAMP"/>
        <column default="default-user" name="R_USER" required="true"
            size="50" type="VARCHAR"/>
        <column default="default-user" name="U_USER" required="true"
            size="50" type="VARCHAR"/>
        <foreign-key foreignTable="LIBRARY">
            <reference foreign="LIBRARY_ID" local="LIBRARY_ID"/>
        </foreign-key>
        <foreign-key foreignTable="BOOK">
            <reference foreign="BOOK_ID" local="BOOK_ID"/>
        </foreign-key>
        <unique name="SQL061104052156890">
            <unique-column name="LIBRARY_ID" position="1"/>
            <unique-column name="BOOK_ID" position="2"/>
        </unique>
    </table>
    <table name="COLLECTION_STATUS">
        <column name="COLLECTION_ID" primaryKey="true" required="true" type="INTEGER"/>
        <column name="COLLECTION_STATUS_CODE" required="true" size="3" type="CHAR"/>
        <column default="CURRENT_TIMESTAMP" name="R_TIME"
            required="true" type="TIMESTAMP"/>
        <column default="CURRENT_TIMESTAMP" name="U_TIME"
            required="true" type="TIMESTAMP"/>
        <column default="default-user" name="R_USER" required="true"
            size="50" type="VARCHAR"/>
        <column default="default-user" name="U_USER" required="true"
            size="50" type="VARCHAR"/>
        <foreign-key foreignTable="COLLECTION">
            <reference foreign="COLLECTION_ID" local="COLLECTION_ID"/>
        </foreign-key>
        <foreign-key foreignTable="COLLECTION_STATUS_LOOKUP">
            <reference foreign="COLLECTION_STATUS_CODE" local="COLLECTION_STATUS_CODE"/>
        </foreign-key>
    </table>
    <table name="COLLECTION_STATUS_LOOKUP">
        <column name="COLLECTION_STATUS_CODE" primaryKey="true"
            required="true" size="3" type="CHAR"/>
        <column name="COLLECTION_STATUS_NAME" required="true" size="80" type="VARCHAR"/>
        <column default="CURRENT_TIMESTAMP" name="R_TIME"
            required="true" type="TIMESTAMP"/>
        <column default="CURRENT_TIMESTAMP" name="U_TIME"
            required="true" type="TIMESTAMP"/>
        <column default="default-user" name="R_USER" required="true"
            size="50" type="VARCHAR"/>
        <column default="default-user" name="U_USER" required="true"
            size="50" type="VARCHAR"/>
    </table>
    <table name="GARBAGE">
        <column name="GARBAGE_MEMO" size="50" type="VARCHAR"/>
        <column name="GARBAGE_TIME" type="TIMESTAMP"/>
    </table>
    <table name="GENRE">
        <column name="GENRE_CODE" primaryKey="true" required="true"
            size="12" type="VARCHAR"/>
        <column name="GENRE_NAME" required="true" size="80" type="VARCHAR"/>
        <column name="PARENT_GENRE_CODE" size="12" type="VARCHAR"/>
        <column default="CURRENT_TIMESTAMP" name="R_TIME"
            required="true" type="TIMESTAMP"/>
        <column default="CURRENT_TIMESTAMP" name="U_TIME"
            required="true" type="TIMESTAMP"/>
        <column default="default-user" name="R_USER" required="true"
            size="50" type="VARCHAR"/>
        <column default="default-user" name="U_USER" required="true"
            size="50" type="VARCHAR"/>
        <foreign-key foreignTable="GENRE">
            <reference foreign="GENRE_CODE" local="PARENT_GENRE_CODE"/>
        </foreign-key>
    </table>
    <table name="LB_USER">
        <column autoIncrement="true" default="GENERATED_BY_DEFAULT"
            name="LB_USER_ID" primaryKey="true" required="true" type="INTEGER"/>
        <column name="LB_USER_NAME" required="true" size="80" type="VARCHAR"/>
        <column name="USER_PASSWORD" required="true" size="50" type="VARCHAR"/>
        <column default="CURRENT_TIMESTAMP" name="R_TIME"
            required="true" type="TIMESTAMP"/>
        <column default="CURRENT_TIMESTAMP" name="U_TIME"
            required="true" type="TIMESTAMP"/>
        <column default="default-user" name="R_USER" required="true"
            size="50" type="VARCHAR"/>
        <column default="default-user" name="U_USER" required="true"
            size="50" type="VARCHAR"/>
    </table>
    <table name="LENDING">
        <column name="LIBRARY_ID" primaryKey="true" required="true" type="SMALLINT"/>
        <column name="LB_USER_ID" primaryKey="true" required="true" type="INTEGER"/>
        <column name="LENDING_DATE" primaryKey="true" required="true" type="TIMESTAMP"/>
        <column default="CURRENT_TIMESTAMP" name="R_TIME"
            required="true" type="TIMESTAMP"/>
        <column default="CURRENT_TIMESTAMP" name="U_TIME"
            required="true" type="TIMESTAMP"/>
        <column default="default-user" name="R_USER" required="true"
            size="50" type="VARCHAR"/>
        <column default="default-user" name="U_USER" required="true"
            size="50" type="VARCHAR"/>
        <foreign-key foreignTable="LIBRARY_USER">
            <reference foreign="LIBRARY_ID" local="LIBRARY_ID"/>
            <reference foreign="LB_USER_ID" local="LB_USER_ID"/>
        </foreign-key>
    </table>
    <table name="LENDING_COLLECTION">
        <column name="LIBRARY_ID" primaryKey="true" required="true" type="SMALLINT"/>
        <column name="LB_USER_ID" primaryKey="true" required="true" type="INTEGER"/>
        <column name="LENDING_DATE" primaryKey="true" required="true" type="TIMESTAMP"/>
        <column name="COLLECTION_ID" primaryKey="true" required="true" type="INTEGER"/>
        <column name="RETURN_LIMIT_DATE" required="true" type="TIMESTAMP"/>
        <column default="CURRENT_TIMESTAMP" name="R_TIME"
            required="true" type="TIMESTAMP"/>
        <column default="CURRENT_TIMESTAMP" name="U_TIME"
            required="true" type="TIMESTAMP"/>
        <column default="default-user" name="R_USER" required="true"
            size="50" type="VARCHAR"/>
        <column default="default-user" name="U_USER" required="true"
            size="50" type="VARCHAR"/>
        <foreign-key foreignTable="COLLECTION">
            <reference foreign="COLLECTION_ID" local="COLLECTION_ID"/>
        </foreign-key>
        <foreign-key foreignTable="LENDING">
            <reference foreign="LIBRARY_ID" local="LIBRARY_ID"/>
            <reference foreign="LB_USER_ID" local="LB_USER_ID"/>
            <reference foreign="LENDING_DATE" local="LENDING_DATE"/>
        </foreign-key>
    </table>
    <table name="LIBRARY">
        <column autoIncrement="true" default="GENERATED_BY_DEFAULT"
            name="LIBRARY_ID" primaryKey="true" required="true" type="SMALLINT"/>
        <column name="LIBRARY_NAME" required="true" size="80" type="VARCHAR"/>
        <column default="CURRENT_TIMESTAMP" name="R_TIME"
            required="true" type="TIMESTAMP"/>
        <column default="CURRENT_TIMESTAMP" name="U_TIME"
            required="true" type="TIMESTAMP"/>
        <column default="default-user" name="R_USER" required="true"
            size="50" type="VARCHAR"/>
        <column default="default-user" name="U_USER" required="true"
            size="50" type="VARCHAR"/>
        <unique name="SQL061104052156900">
            <unique-column name="LIBRARY_NAME" position="1"/>
        </unique>
    </table>
    <table name="LIBRARY_USER">
        <column name="LIBRARY_ID" primaryKey="true" required="true" type="SMALLINT"/>
        <column name="LB_USER_ID" primaryKey="true" required="true" type="INTEGER"/>
        <column default="CURRENT_TIMESTAMP" name="R_TIME"
            required="true" type="TIMESTAMP"/>
        <column default="CURRENT_TIMESTAMP" name="U_TIME"
            required="true" type="TIMESTAMP"/>
        <column default="default-user" name="R_USER" required="true"
            size="50" type="VARCHAR"/>
        <column default="default-user" name="U_USER" required="true"
            size="50" type="VARCHAR"/>
        <foreign-key foreignTable="LIBRARY">
            <reference foreign="LIBRARY_ID" local="LIBRARY_ID"/>
        </foreign-key>
        <foreign-key foreignTable="LB_USER">
            <reference foreign="LB_USER_ID" local="LB_USER_ID"/>
        </foreign-key>
    </table>
    <table name="NEXT_LIBRARY">
        <column name="LIBRARY_ID" primaryKey="true" required="true" type="SMALLINT"/>
        <column name="NEXT_LIBRARY_ID" primaryKey="true" required="true" type="SMALLINT"/>
        <column name="DISTANCE_KM" required="true" type="INTEGER"/>
        <column default="CURRENT_TIMESTAMP" name="R_TIME"
            required="true" type="TIMESTAMP"/>
        <column default="CURRENT_TIMESTAMP" name="U_TIME"
            required="true" type="TIMESTAMP"/>
        <column default="default-user" name="R_USER" required="true"
            size="50" type="VARCHAR"/>
        <column default="default-user" name="U_USER" required="true"
            size="50" type="VARCHAR"/>
        <foreign-key foreignTable="LIBRARY">
            <reference foreign="LIBRARY_ID" local="NEXT_LIBRARY_ID"/>
        </foreign-key>
        <foreign-key foreignTable="LIBRARY">
            <reference foreign="LIBRARY_ID" local="LIBRARY_ID"/>
        </foreign-key>
    </table>
    <table name="PUBLISHER">
        <column autoIncrement="true" default="GENERATED_BY_DEFAULT"
            name="PUBLISHER_ID" primaryKey="true" required="true" type="INTEGER"/>
        <column name="PUBLISHER_NAME" required="true" size="80" type="VARCHAR"/>
        <column default="CURRENT_TIMESTAMP" name="R_TIME"
            required="true" type="TIMESTAMP"/>
        <column default="CURRENT_TIMESTAMP" name="U_TIME"
            required="true" type="TIMESTAMP"/>
        <column default="default-user" name="R_USER" required="true"
            size="50" type="VARCHAR"/>
        <column default="default-user" name="U_USER" required="true"
            size="50" type="VARCHAR"/>
    </table>
</database>
