<?xml version="1.0" encoding="UTF-8" standalone="no"?><templates><template autoinsert="true" context="java" deleted="false" description="Java8: Lambda Arrow" enabled="true" name="_arrow">-&gt; ${cursor}</template><template autoinsert="true" context="java" deleted="false" description="Java8: Lambda BiParameter as Inline" enabled="true" name="_bili">(${first}, ${second}) -&gt; ${cursor}</template><template autoinsert="true" context="java" deleted="false" description="Java8: Lambda BiParameter as Linefeed" enabled="true" name="_bill">(${first}, ${second}) -&gt; {
    ${cursor}
}</template><template autoinsert="true" context="java" deleted="false" description="Java8: forEach()" enabled="true" name="_foreach">${var}.forEach(${newName} -&gt; {
    ${cursor}
});</template><template autoinsert="true" context="java" deleted="false" description="Java8: Lambda KeyValue as Inline" enabled="true" name="_kvli">(key, value) -&gt; ${cursor}</template><template autoinsert="true" context="java" deleted="false" description="Java8: Lambda KeyValue as Linefeed" enabled="true" name="_kvll">(key, value) -&gt; {
    ${cursor}
}</template><template autoinsert="true" context="java" deleted="false" description="LastaFlute: Execute Method as HTML response with Form" enabled="true" name="_lahtform">${:import(org.dbflute.lastaflute.web.Execute
    , org.dbflute.lastaflute.web.response.HtmlResponse)}@Execute
public HtmlResponse ${method}(${form}Form form) {
    return asHtml(path_${newName});
}</template><template autoinsert="true" context="java" deleted="false" description="LastaFlute: Execute Method as HTML response with ID" enabled="true" name="_lahtid">${:import(org.dbflute.lastaflute.web.Execute
    , org.dbflute.lastaflute.web.response.HtmlResponse)}@Execute
public HtmlResponse index(long ${object}Id) {
    return asHtml(path_${newName});
}</template><template autoinsert="true" context="java" deleted="false" description="LastaFlute: Execute Method as JSON response with Form" enabled="true" name="_lajsform">${:import(org.dbflute.lastaflute.web.Execute
    , org.dbflute.lastaflute.web.response.JsonResponse)}@Execute
public JsonResponse ${method}(${form}Form form) {
    return asJson(bean);
}</template><template autoinsert="true" context="java" deleted="false" description="LastaFlute: Execute Method as JSON response with ID" enabled="true" name="_lajsid">${:import(org.dbflute.lastaflute.web.Execute
    , org.dbflute.lastaflute.web.response.JsonResponse)}@Execute
public JsonResponse index(long ${object}Id) {
    return asJson(bean);
}</template><template autoinsert="true" context="java" deleted="false" description="Java8: Lambda Arrow as Inline" enabled="true" name="_li">${var} -&gt; ${var}.${newName}</template><template autoinsert="true" context="java" deleted="false" description="Java8: Lambda Arrow with Linefeed" enabled="true" name="_ll">${var} -&gt; {
    ${var}.${newName}
}</template><template autoinsert="true" context="java-members" deleted="false" description="Commons Logging Logger" enabled="true" name="_logger">${:import(org.apache.commons.logging.Log,
	org.apache.commons.logging.LogFactory)}private static final Log
	LOG = LogFactory.getLog(${enclosing_type}.class);</template><template autoinsert="true" context="java" deleted="false" description="DBFlute: .addOrderBy_..." enabled="true" name="_order">.addOrderBy_${columnName}</template><template autoinsert="true" context="java" deleted="false" description="DBFlute: cb.query()" enabled="true" name="_query">${var}.query()</template><template autoinsert="true" context="java" deleted="false" description="Java8: collect toList()" enabled="true" name="_scolist">${:import(java.util.stream.Collectors)}.collect(Collectors.toList())</template><template autoinsert="true" context="java" deleted="false" description="Java8: collect toMap()" enabled="true" name="_scomap">${:import(java.util.stream.Collectors)}.collect(Collectors.toMap(bean -&gt; bean.get${newName}, bean -&gt; bean))</template><template autoinsert="true" context="java" deleted="false" description="Java8: stream().filter()" enabled="true" name="_sfilter">${var}.stream().filter(${newName} -&gt; {
    return ${newName}${cursor};
});</template><template autoinsert="true" context="java-members" deleted="false" description="Slf4j Logger" enabled="true" name="_slogger">${:import(org.slf4j.Logger,
	org.slf4j.LoggerFactory)}private static final Logger
	logger = LoggerFactory.getLogger(${enclosing_type}.class);</template><template autoinsert="true" context="java" deleted="false" description="Java8: stream().map()" enabled="true" name="_smap">${var}.stream().map(${newName} -&gt; {
    return ${newName}${cursor};
});</template><template autoinsert="true" context="java" deleted="false" description="DBFlute: cb.specify()" enabled="true" name="_specify">${var}.specify()</template><template autoinsert="true" context="java" deleted="false" description="TagComment: Accessor" enabled="true" name="_taacce">    // ===================================================================================
    //                                                                            Accessor
    //                                                                            ========</template><template autoinsert="true" context="java" deleted="false" description="TagComment: Assist Logic" enabled="true" name="_taassl">	// ===================================================================================
	//                                                                        Assist Logic
	//                                                                        ============</template><template autoinsert="true" context="java" deleted="false" description="TagComment: Attribute" enabled="true" name="_taattr">    // ===================================================================================
    //                                                                           Attribute
    //                                                                           =========</template><template autoinsert="true" context="java" deleted="false" description="TagComment: Basic Override" enabled="true" name="_tabaov">    // ===================================================================================
    //                                                                      Basic Override
    //                                                                      ==============</template><template autoinsert="true" context="java" deleted="false" description="TagComment: Callback" enabled="true" name="_tacallb">    // ===================================================================================
    //                                                                            Callback
    //                                                                            ========</template><template autoinsert="true" context="java" deleted="false" description="TagComment: Constructor" enabled="true" name="_taconst">    // ===================================================================================
    //                                                                         Constructor
    //                                                                         ===========</template><template autoinsert="true" context="java" deleted="false" description="TagComment: Definition" enabled="true" name="_tadef">    // ===================================================================================
    //                                                                          Definition
    //                                                                          ==========</template><template autoinsert="true" context="java" deleted="false" description="Nest tag comment for DI components" enabled="true" name="_tadicom">    // -----------------------------------------------------
    //                                          DI Component
    //                                          ------------</template><template autoinsert="true" context="java" deleted="false" description="Nest tag comment for display data of Action" enabled="true" name="_tadisp">    // -----------------------------------------------------
    //                                          Display Data
    //                                          ------------</template><template autoinsert="true" context="java" deleted="false" description="Execute Methods of Action" enabled="true" name="_taexec">    // ===================================================================================
    //                                                                             Execute
    //                                                                             =======</template><template autoinsert="true" context="java" deleted="false" description="TagComment: Xxx Helper" enabled="true" name="_tahelp">    // ===================================================================================
    //                                                                          Xxx Helper
    //                                                                          ==========</template><template autoinsert="true" context="java" deleted="false" description="TagComment: Initialize" enabled="true" name="_tainit">    // ===================================================================================
    //                                                                          Initialize
    //                                                                          ==========</template><template autoinsert="true" context="java" deleted="false" description="TagComment: Mapping" enabled="true" name="_tamapp">    // ===================================================================================
    //                                                                             Mapping
    //                                                                             =======</template><template autoinsert="true" context="java" deleted="false" description="TagComment: Nested Comment" enabled="true" name="_tanest">    // -----------------------------------------------------
    //                                                XxxYyy
    //                                                ------</template><template autoinsert="true" context="java" deleted="false" description="TagComment: Xxx Override" enabled="true" name="_taover">    // ===================================================================================
    //                                                                        Xxx Override
    //                                                                        ============</template><template autoinsert="true" context="java" deleted="false" description="TagComment: Request Mapping" enabled="true" name="_tareqmp">    // ===================================================================================
    //                                                                     Request Mapping
    //                                                                     ===============</template><template autoinsert="true" context="java" deleted="false" description="TagComment: Select" enabled="true" name="_taselect">    // ===================================================================================
    //                                                                              Select
    //                                                                              ======</template><template autoinsert="true" context="java" deleted="false" description="TagComment: Small Helper" enabled="true" name="_tasmhp">	// ===================================================================================
	//                                                                        Small Helper
	//                                                                        ============</template><template autoinsert="true" context="java" deleted="false" description="TagComment: Update" enabled="true" name="_taupdate">    // ===================================================================================
    //                                                                              Update
    //                                                                              ======</template><template autoinsert="true" context="java" deleted="false" description="Validation methods for Action" enabled="true" name="_tavalid">    // ===================================================================================
    //                                                                          Validation
    //                                                                          ==========</template><template autoinsert="true" context="java" deleted="false" description="TodoComment: To Be Fixed Sometime" enabled="true" name="_tdreview">// #review by ${user}(${date}) ${content}</template><template autoinsert="true" context="java" deleted="false" description="TODO comment" enabled="true" name="_todo">    // TODO ${user} ${cursor} (${date})</template><template autoinsert="true" context="java" deleted="false" description="TODO review comment" enabled="true" name="_trev">    // TODO ${newName} ${cursor} by ${user} (${date})</template><template autoinsert="true" context="java" deleted="false" description="DBFlute: Trick for OrScopeQueryAndPart" enabled="true" name="andCBLambda">andCB -&gt; {
    andCB.query().set${newName}
}</template><template autoinsert="true" context="java" deleted="false" description="DBFlute: Trick for ConditionBean" enabled="true" name="cbLambda">cb -&gt; {
    cb.${newName}
}</template><template autoinsert="true" context="java" deleted="false" description="DBFlute: Trick for SpecifyColumn" enabled="true" name="colCBLambda">colCB -&gt; {
    colCB.specify().column${newName}
}</template><template autoinsert="true" context="java" deleted="false" description="DBFlute: Trick for Configuration" enabled="true" name="confLambda">conf -&gt; conf.${newName}</template><template autoinsert="true" context="java" deleted="false" description="DBFlute: Trick for DerivedReferrer" enabled="true" name="derivedCBLambda">${var}CB -&gt; {
    ${var}CB.specify().column${newName}
}</template><template autoinsert="true" context="java" deleted="false" description="LastaFlute: validateMore()" enabled="true" name="doValidateLambda">() -&gt; doValidate(form)</template><template autoinsert="true" context="java" deleted="false" description="DBFlute: Trick for Entity" enabled="true" name="entityLambda">${var} -&gt; {
    ${var}.${newName}
}</template><template autoinsert="true" context="java" deleted="false" description="DBFlute: Trick for Entity List" enabled="true" name="entityListLambda">${var}List -&gt; {
    ${cursor}
}</template><template autoinsert="true" context="java" deleted="false" description="DBFlute: Trick for ReferrerLoader" enabled="true" name="loaderLambda">${var}Loader -&gt; {
    ${var}Loader.load${newName}
}</template><template autoinsert="true" context="java" deleted="false" description="DBFlute: Trick for many arguments" enabled="true" name="manyArgLambda">(${var}, ${newNew}) -&gt; {
    ${cursor}
}</template><template autoinsert="true" context="java" deleted="false" description="LastaFlute: validateTrue()" enabled="true" name="messagesLambda">() -&gt; createMessages().addConstraints${object}</template><template autoinsert="true" context="java" deleted="false" description="DBFlute: Trick for no-argument1" enabled="true" name="noArg1Lambda">() -&gt; {
    ${cursor}
}</template><template autoinsert="true" context="java" deleted="false" description="DBFlute: Trick for no-argument2" enabled="true" name="noArg2Lambda">() -&gt; {
    ${cursor}
}</template><template autoinsert="true" context="java" deleted="false" description="DBFlute: Trick for no-argument as Inline" enabled="true" name="noArgInLambda">() -&gt; ${cursor}</template><template autoinsert="true" context="java" deleted="false" description="DBFlute: Trick for no-argument" enabled="true" name="noArgLambda">() -&gt; {
    ${cursor}
}</template><template autoinsert="true" context="java" deleted="false" description="DBFlute: Trick for one argument1" enabled="true" name="oneArg1Lambda">${var} -&gt; {
    ${var}.${newName}
}</template><template autoinsert="true" context="java" deleted="false" description="DBFlute: Trick for one argument2" enabled="true" name="oneArg2Lambda">${var} -&gt; {
    ${var}.${newName}
}</template><template autoinsert="true" context="java" deleted="false" description="DBFlute: Trick for one argument as Inline" enabled="true" name="oneArgInLambda">${var} -&gt; ${var}.${newName}</template><template autoinsert="true" context="java" deleted="false" description="DBFlute: Trick for one argument" enabled="true" name="oneArgLambda">${var} -&gt; {
    ${var}.${newName}
}</template><template autoinsert="true" context="java" deleted="false" description="DBFlute: Trick for ConditionOption" enabled="true" name="opLambda">op -&gt; op.${newName}</template><template autoinsert="true" context="java" deleted="false" description="DBFlute: Trick for OrScopeQuery" enabled="true" name="orCBLambda">orCB -&gt; {
    orCB.query().set${newName}
}</template><template autoinsert="true" context="java" deleted="false" description="LastaFlute: Mail Postcard" enabled="true" name="postcardLambda">postcard -&gt; {
    postcard.setFrom(${object});
    postcard.addTo(${newName});
}</template><template autoinsert="true" context="java" deleted="false" description="DBFlute: Trick for Referrer" enabled="true" name="refCBLambda">${var}CB -&gt; {
    ${var}CB.query().addOrderBy_${newName}
}</template><template autoinsert="true" context="java" deleted="false" description="DBFlute: Trick for ScalarCondition" enabled="true" name="scalarCBLambda">${var}CB -&gt; {
    ${var}CB.specify().column${newName}
}</template><template autoinsert="true" context="java" deleted="false" description="DBFlute: Trick for SubQuery" enabled="true" name="subCBLambda">${var}CB -&gt; {
    ${var}CB.query().set${newName}
}</template><template autoinsert="true" context="java" deleted="false" description="DBFlute: Trick for Union" enabled="true" name="unionCBLambda">unionCB -&gt; {
    unionCB.query().set${newName}
}</template><template autoinsert="true" context="java" deleted="false" description="LastaFlute: validate()" enabled="true" name="validationErrorLambda">() -&gt; {
    return asHtml(path_${object})
}</template></templates>