<?xml version="1.0" encoding="UTF-8" standalone="no"?>
<templates>
<template autoinsert="true" context="java" deleted="false" description="Java8: Lambda Arrow" enabled="true" name="_arrow">-&gt; ${cursor}</template>
<template autoinsert="true" context="java" deleted="false" description="Java8: Lambda BiParameter as Inline" enabled="true" name="_bili">(${first}, ${second}) -&gt; ${cursor}</template>
<template autoinsert="true" context="java" deleted="false" description="Java8: Lambda BiParameter as Linefeed" enabled="true" name="_bill">(${first}, ${second}) -&gt; {
    ${cursor}
}</template>
<template autoinsert="true" context="java-members" deleted="false" description="Commons Logging Logger" enabled="true" name="_clogger">${:import(org.apache.commons.logging.Log,
	org.apache.commons.logging.LogFactory)}private static final Log
	LOG = LogFactory.getLog(${enclosing_type}.class);</template>
<template autoinsert="true" context="java" deleted="false" description="comment Arrange/Act/Assert" enabled="true" name="_coaaa">// ## Arrange ##
    ${cursor}

    // ## Act ##

    // ## Assert ##</template>
<template autoinsert="true" context="java" deleted="false" description="#for_now comment" enabled="true" name="_cofornow">    // #for_now ${user} ${cursor} (${d:date('yyyy/MM/dd')})</template>
<template autoinsert="true" context="java" deleted="false" description="#hope comment" enabled="true" name="_cohope">    // #hope ${user} ${cursor} (${d:date('yyyy/MM/dd')})</template>
<template autoinsert="true" context="java" deleted="false" description="#needs_fix comment" enabled="true" name="_coneedsfix">    // #needs_fix ${user} ${cursor} (${d:date('yyyy/MM/dd')})</template>
<template autoinsert="true" context="java" deleted="false" description="#thinking comment" enabled="true" name="_cothinking">    // #thinking ${user} ${cursor} (${d:date('yyyy/MM/dd')})</template>
<template autoinsert="true" context="java" deleted="false" description="Java8: forEach()" enabled="true" name="_foreach">${var}.forEach(${newName} -&gt; {
    ${cursor}
});</template>
<template autoinsert="true" context="java" deleted="false" description="Java8: Lambda KeyValue as Inline" enabled="true" name="_kvli">(key, value) -&gt; ${cursor}</template>
<template autoinsert="true" context="java" deleted="false" description="Java8: Lambda KeyValue as Linefeed" enabled="true" name="_kvll">(key, value) -&gt; {
    ${cursor}
}</template>
<template autoinsert="true" context="javadoc" deleted="false" description="JavaDoc: (NotNull)" enabled="true" name="_docnotnull">(NotNull)</template>
<template autoinsert="true" context="javadoc" deleted="false" description="JavaDoc: (NullAllowed: ...)" enabled="true" name="_docnullallowed">(NullAllowed: ${comment})</template>
<template autoinsert="true" context="java" deleted="false" description="DBFlute: ExceptionMessageBuilder" enabled="true" name="_exmeb">${:import(org.dbflute.helper.message.ExceptionMessageBuilder)}final ExceptionMessageBuilder br = new ExceptionMessageBuilder();
br.addNotice("${notice_here}");
br.addItem("${item_here}");
br.addElement("${element_here}");
final String msg = br.buildExceptionMessage();
throw new IllegalStateException(msg, e);</template>
<template autoinsert="true" context="java-members" deleted="false" description="LastaFlute: DI for Anything" enabled="true" name="_ladany">${:import(javax.annotation.Resource)}@Resource
private ${component} anything;</template>
<template autoinsert="true" context="java-members" deleted="false" description="LastaFlute: DI for AsyncManager" enabled="true" name="_ladasync">${:import(javax.annotation.Resource,org.lastaflute.core.magic.async.AsyncManager)}@Resource
private AsyncManager asyncManager;</template>
<template autoinsert="true" context="java-members" deleted="false" description="LastaFlute: DI for Application Config" enabled="true" name="_ladconfig">${:import(javax.annotation.Resource)}@Resource
private ${app}Config config;</template>
<template autoinsert="true" context="java-members" deleted="false" description="LastaFlute: DI for CookieManager" enabled="true" name="_ladcookie">${:import(javax.annotation.Resource,org.lastaflute.web.servlet.cookie.CookieManager)}@Resource
private CookieManager cookieManager;</template>
<template autoinsert="true" context="java-members" deleted="false" description="LastaFlute: DI for JobManager" enabled="true" name="_ladjob">${:import(javax.annotation.Resource,org.lastaflute.job.JobManager)}@Resource
private JobManager jobManager;</template>
<template autoinsert="true" context="java-members" deleted="false" description="LastaFlute: DI for JsonManager" enabled="true" name="_ladjson">${:import(javax.annotation.Resource,org.lastaflute.core.json.JsonManager)}@Resource
private JsonManager jsonManager;</template>
<template autoinsert="true" context="java-members" deleted="false" description="LastaFlute: DI for MessageManager" enabled="true" name="_ladmessage">${:import(javax.annotation.Resource,org.lastaflute.core.message.MessageManager)}@Resource
private MessageManager messageManager;</template>
<template autoinsert="true" context="java-members" deleted="false" description="LastaFlute: DI for Postbox" enabled="true" name="_ladpostbox">${:import(javax.annotation.Resource,org.lastaflute.core.mail.Postbox)}@Resource
private Postbox postbox;</template>
<template autoinsert="true" context="java-members" deleted="false" description="LastaFlute: DI for PrimaryCipher" enabled="true" name="_ladprimcipher">${:import(javax.annotation.Resource,org.lastaflute.core.security.PrimaryCipher)}@Resource
private PrimaryCipher primaryCipher;</template>
<template autoinsert="true" context="java-members" deleted="false" description="LastaFlute: DI for RequestManager" enabled="true" name="_ladrequest">${:import(javax.annotation.Resource,org.lastaflute.web.servlet.request.RequestManager)}@Resource
private RequestManager requestManager;</template>
<template autoinsert="true" context="java-members" deleted="false" description="LastaFlute: DI for ResponseManager" enabled="true" name="_ladresponse">${:import(javax.annotation.Resource,org.lastaflute.web.servlet.request.ResponseManager)}@Resource
private ResponseManager responseManager;</template>
<template autoinsert="true" context="java-members" deleted="false" description="LastaFlute: DI for SessionManager" enabled="true" name="_ladsession">${:import(javax.annotation.Resource,org.lastaflute.web.servlet.session.SessionManager)}@Resource
private SessionManager sessionManager;</template>
<template autoinsert="true" context="java-members" deleted="false" description="LastaFlute: DI for TemplateManager" enabled="true" name="_ladtemplate">${:import(javax.annotation.Resource,org.lastaflute.core.template.TemplateManager)}@Resource
private TemplateManager templateManager;</template>
<template autoinsert="true" context="java-members" deleted="false" description="LastaFlute: DI for TimeManager" enabled="true" name="_ladtime">${:import(javax.annotation.Resource,org.lastaflute.core.time.TimeManager)}@Resource
private TimeManager timeManager;</template>
<template autoinsert="true" context="java-members" deleted="false" description="LastaFlute: DI for TransactionStage" enabled="true" name="_ladtransaction">${:import(javax.annotation.Resource,org.lastaflute.db.jta.stage.TransactionStage)}@Resource
private TransactionStage transactionStage;</template>
<template autoinsert="true" context="java-members" deleted="false" description="LastaFlute: Execute Method as HTML response with ID and Form" enabled="true" name="_laexhtml">${:import(org.lastaflute.web.Execute,org.lastaflute.web.response.HtmlResponse)}@Execute
public HtmlResponse ${method}(Integer ${object}Id, ${form}Form form) {
    return asHtml(path_${newName});
}</template>
<template autoinsert="true" context="java-members" deleted="false" description="LastaFlute: Execute Method as JSON response with ID and Body" enabled="true" name="_laexjson">${:import(org.lastaflute.web.Execute,org.lastaflute.web.response.JsonResponse)}@Execute
public JsonResponse&lt;${result}&gt; ${method}(Integer ${object}Id, ${body}Body body) {
    return asJson(result);
}</template>
<template autoinsert="true" context="java-members" deleted="false" description="LastaFlute: Public Property simply" enabled="true" name="_laprop">${:import(java.util.List,org.lastaflute.web.validation.Required)}/** ${xxx_property_description_xxx} e.g. ${xxx_example_value_xxx} */
@Required
public ${xxx_PropertyType_xxx} ${xxx_propertyName_xxx};</template>
<template autoinsert="true" context="java-members" deleted="false" description="LastaFlute: Public Property as Valid Class" enabled="true" name="_lapvalidclass">${:import(org.lastaflute.web.validation.Required,javax.validation.Valid)}/** ${xxx_object_description_xxx} */
@Required
@Valid
public ${xxx_PartName_xxx}Part ${xxx_partName_xxx};

/**
 * @author ${user}
 */
public static class ${xxx_PartName_xxx}Part {

    /** ${xxx_property_description_xxx} e.g. ${xxx_example_value_xxx} */
    @Required
    public ${xxx_PropertyType_xxx} ${xxx_propertyName_xxx};
}</template>
<template autoinsert="true" context="java-members" deleted="false" description="LastaFlute: Public Property as Valid List" enabled="true" name="_lapvalidlist">${:import(java.util.List,org.lastaflute.web.validation.Required,javax.validation.constraints.NotNull,javax.validation.Valid)}/** ${xxx_list_description_xxx} */
@NotNull
@Valid
public List&lt;${xxx_PartName_xxx}Part&gt; ${xxx_partListName_xxx};

/**
 * @author ${user}
 */
public static class ${xxx_PartName_xxx}Part {

    /** ${xxx_property_description_xxx} e.g. ${xxx_example_value_xxx} */
    @Required
    public ${xxx_PropertyType_xxx} ${xxx_propertyName_xxx};
}</template>
<template autoinsert="true" context="java-members" deleted="false" description="LastaFlute: toString() with Lato" enabled="true" name="_latostring">${:import(org.lastaflute.core.util.Lato)}@Override
public String toString() {
    return Lato.string(this);
}</template>
<template autoinsert="true" context="java" deleted="false" description="LastaFlute: Validator groups=ClientError.class" enabled="true" name="_lavclienterr">${:import(org.lastaflute.web.validation.ClientError)}groups = ClientError.class</template>
<template autoinsert="true" context="java" deleted="false" description="LastaFlute: Validator for moreValidationLambda" enabled="true" name="_lavmessages">messages -> {}</template>
<template autoinsert="true" context="java" deleted="false" description="LastaFlute: Validator moreValidate(form|body, messages)" enabled="true" name="_lavmorevalidate">moreValidate(${localVar}, messages)</template>
<template autoinsert="true" context="java" deleted="false" description="LastaFlute: Validator for validationErrorLambda" enabled="true" name="_lavreterrorhtml">() -> {
    return asHtml(${path_:var(org.lastaflute.web.response.next.HtmlNext)});
}</template>
<template autoinsert="true" context="java" deleted="false" description="Java8: Lambda Arrow as Inline" enabled="true" name="_li">${var} -&gt; ${var}.${newName}</template>
<template autoinsert="true" context="java" deleted="false" description="Java8: Lambda Arrow with Linefeed" enabled="true" name="_ll">${var} -&gt; {
    ${var}.${newName}
}</template>
<template autoinsert="true" context="java-members" deleted="false" description="Slf4j Logger" enabled="true" name="_logger">${:import(org.slf4j.Logger,
	org.slf4j.LoggerFactory)}private static final Logger
	logger = LoggerFactory.getLogger(${enclosing_type}.class);</template>
<template autoinsert="true" context="java" deleted="false" description="DBFlute: .addOrderBy_..." enabled="true" name="_order">.addOrderBy_${columnName}</template>
<template autoinsert="true" context="java-members" deleted="false" description="Java: private final String sea;" enabled="true" name="_prifin">private final ${variableType} ${variableName};</template>
<template autoinsert="true" context="java-members" deleted="false" description="Java: protected final String sea;" enabled="true" name="_profin">protected final ${variableType} ${variableName};</template>
<template autoinsert="true" context="java-members" deleted="false" description="Java: public final String sea;" enabled="true" name="_pubfin">public final ${variableType} ${variableName};</template>
<template autoinsert="true" context="java-members" deleted="false" description="Java: public static class Sea { ..." enabled="true" name="_pubstacla">public static class ${variableName} {

    ${cursor}
}</template>
<template autoinsert="true" context="java-members" deleted="false" description="Java: public static final SEA = ..." enabled="true" name="_pubstafin">public static final ${variableType} ${variableName} = ${value};</template>
<template autoinsert="true" context="java" deleted="false" description="DBFlute: cb.query()" enabled="true" name="_query">${var}.query()</template>
<template autoinsert="true" context="java" deleted="false" description="(yyyy/MM/dd)" enabled="true" name="_reardate">// ${cursor}(${d:date('yyyy/MM/dd')})</template>
<template autoinsert="true" context="java" deleted="false" description="by user" enabled="true" name="_rearuser">// ${cursor}by ${user}</template>
<template autoinsert="true" context="java" deleted="false" description="Java8: collect toList()" enabled="true" name="_scolist">${:import(java.util.stream.Collectors)}.collect(Collectors.toList())</template>
<template autoinsert="true" context="java" deleted="false" description="Java8: collect toMap()" enabled="true" name="_scomap">${:import(java.util.stream.Collectors)}.collect(Collectors.toMap(bean -&gt; bean.get${newName}, bean -&gt; bean))</template>
<template autoinsert="true" context="java" deleted="false" description="DBFlute: cb.specify()" enabled="true" name="_specify">${var}.specify()</template>
<template autoinsert="true" context="java" deleted="false" description="TagComment: Accessor" enabled="true" name="_taacce">    // ===================================================================================
    //                                                                            Accessor
    //                                                                            ========</template>
<template autoinsert="true" context="java" deleted="false" description="TagComment: Assist Logic" enabled="true" name="_taassl">	// ===================================================================================
    //                                                                        Assist Logic
    //                                                                        ============</template>
<template autoinsert="true" context="java" deleted="false" description="TagComment: Attribute" enabled="true" name="_taattr">    // ===================================================================================
    //                                                                           Attribute
    //                                                                           =========</template>
<template autoinsert="true" context="java" deleted="false" description="TagComment: Basic Override" enabled="true" name="_tabaov">    // ===================================================================================
    //                                                                      Basic Override
    //                                                                      ==============</template>
<template autoinsert="true" context="java" deleted="false" description="TagComment: Callback" enabled="true" name="_tacallb">    // ===================================================================================
    //                                                                            Callback
    //                                                                            ========</template>
<template autoinsert="true" context="java" deleted="false" description="TagComment: Constructor" enabled="true" name="_taconst">    // ===================================================================================
    //                                                                         Constructor
    //                                                                         ===========</template>
<template autoinsert="true" context="java" deleted="false" description="TagComment: Definition" enabled="true" name="_tadef">    // ===================================================================================
    //                                                                          Definition
    //                                                                          ==========</template>
<template autoinsert="true" context="java" deleted="false" description="Nest tag comment for DI components" enabled="true" name="_tadicom">    // -----------------------------------------------------
    //                                          DI Component
    //                                          ------------</template>
<template autoinsert="true" context="java" deleted="false" description="Nest tag comment for display data of Action" enabled="true" name="_tadisp">    // -----------------------------------------------------
    //                                          Display Data
    //                                          ------------</template>
<template autoinsert="true" context="java" deleted="false" description="Execute Methods of Action" enabled="true" name="_taexec">    // ===================================================================================
    //                                                                             Execute
    //                                                                             =======</template>
<template autoinsert="true" context="java" deleted="false" description="TagComment: Xxx Helper" enabled="true" name="_tahelp">    // ===================================================================================
    //                                                                          Xxx Helper
    //                                                                          ==========</template>
<template autoinsert="true" context="java" deleted="false" description="TagComment: Hook" enabled="true" name="_tahook">    // ===================================================================================
    //                                                                               Hook
    //                                                                              ======</template>
<template autoinsert="true" context="java" deleted="false" description="TagComment: Initialize" enabled="true" name="_tainit">    // ===================================================================================
    //                                                                          Initialize
    //                                                                          ==========</template>
<template autoinsert="true" context="java" deleted="false" description="TagComment: Mapping" enabled="true" name="_tamapp">    // ===================================================================================
    //                                                                             Mapping
    //                                                                             =======</template>
<template autoinsert="true" context="java" deleted="false" description="TagComment: Nested Comment" enabled="true" name="_tanest">    // -----------------------------------------------------
    //                                                XxxYyy
    //                                                ------</template>
<template autoinsert="true" context="java" deleted="false" description="TagComment: Xxx Override" enabled="true" name="_taover">    // ===================================================================================
    //                                                                        Xxx Override
    //                                                                        ============</template>
<template autoinsert="true" context="java" deleted="false" description="TagComment: Request Mapping" enabled="true" name="_tareqmp">    // ===================================================================================
    //                                                                     Request Mapping
    //                                                                     ===============</template>
<template autoinsert="true" context="java" deleted="false" description="TagComment: Select" enabled="true" name="_taselect">    // ===================================================================================
    //                                                                              Select
    //                                                                              ======</template>
<template autoinsert="true" context="java" deleted="false" description="TagComment: Small Helper" enabled="true" name="_tasmhp">	// ===================================================================================
    //                                                                        Small Helper
    //                                                                        ============</template>
<template autoinsert="true" context="java" deleted="false" description="TagComment: Update" enabled="true" name="_taupdate">    // ===================================================================================
    //                                                                              Update
    //                                                                              ======</template>
<template autoinsert="true" context="java" deleted="false" description="Validation methods for Action" enabled="true" name="_tavalid">    // ===================================================================================
    //                                                                          Validation
    //                                                                          ==========</template>
<template autoinsert="true" context="java" deleted="false" description="Unit Test for UTFlute" enabled="true" name="_test">public void test_${name}() {
    // ## Arrange ##
    ${cursor}

    // ## Act ##

    // ## Assert ##
}</template>
<template autoinsert="true" context="java" deleted="false" description="TODO comment" enabled="true" name="_todo">    // TODO ${user} ${cursor} (${d:date('yyyy/MM/dd')})</template>
<template autoinsert="true" context="java" deleted="false" description="TODO review comment" enabled="true" name="_trev">    // TODO ${you} ${message} by ${user} (${d:date('yyyy/MM/dd')})</template>
<template autoinsert="true" context="java-statements" deleted="false" description="throw new IllegalArgumentException(...)" enabled="true" name="_tharg">throw new IllegalArgumentException("The argument '${localVar}' should not be null.");</template>
<template autoinsert="true" context="java-statements" deleted="false" description="throw new IllegalStateException(...)" enabled="true" name="_thstate">throw new IllegalStateException("${message}", ${e:localVar(java.lang.Throwable)});</template>

<template autoinsert="true" context="java" deleted="false" description="DBFlute: Trick for OrScopeQueryAndPart" enabled="true" name="andCBLambda">andCB -&gt; {
    andCB.query().set${Column}
}</template>
<template autoinsert="true" context="java" deleted="false" description="LastaFlute: Trick for JSON Body" enabled="true" name="bodyLambda">body -&gt; {
    body.${property}
}</template>
<template autoinsert="true" context="java" deleted="false" description="DBFlute: Trick for Exception cause" enabled="true" name="causeLambda">cause -&gt; {
    ${cursor}
}</template>
<template autoinsert="true" context="java" deleted="false" description="DBFlute: Trick for ConditionBean" enabled="true" name="cbLambda">cb -&gt; {
    cb.${method}
}</template>
<template autoinsert="true" context="java" deleted="false" description="DBFlute: Trick for SpecifyColumn" enabled="true" name="colCBLambda">colCB -&gt; colCB.specify().column${Column}</template>
<template autoinsert="true" context="java" deleted="false" description="DBFlute: Trick for Configuration" enabled="true" name="confLambda">conf -&gt; conf.${method}</template>
<template autoinsert="true" context="java" deleted="false" description="DBFlute Trick for data" enabled="true" name="dataLambda">data -&gt; {
    data.${method}
}</template>
<template autoinsert="true" context="java" deleted="false" description="DBFlute: Trick for DerivedReferrer" enabled="true" name="derivedCBLambda">${table}CB -&gt; {
    ${table}CB.specify().column${Column}
}</template>
<template autoinsert="true" context="java" deleted="false" description="DBFlute: Trick for Entity" enabled="true" name="entityLambda">${table} -&gt; {
    ${table}.${method}
}</template>
<template autoinsert="true" context="java" deleted="false" description="DBFlute: Trick for Entity List" enabled="true" name="entityListLambda">${table}List -&gt; {
    ${cursor}
}</template>
<template autoinsert="true" context="java" deleted="false" description="LastaFlute: Trick for general Error Response" enabled="true" name="errorResponseLambda">() -&gt; {
    return asHtml(path_${newName});
}</template>
<template autoinsert="true" context="java" deleted="false" description="LastaFlute: Trick for Form" enabled="true" name="formLambda">form -&gt; {
    form.${property}
}</template>
<template autoinsert="true" context="java" deleted="false" description="DBFlute: Trick for ReferrerLoader" enabled="true" name="loaderLambda">${base}Loader -&gt; {
    ${base}Loader.load${Referrer}
}</template>
<template autoinsert="true" context="java" deleted="false" description="DBFlute: Trick for many arguments" enabled="true" name="manyArgLambda">(${arg1}, ${arg2}) -&gt; {
    ${cursor}
}</template>
<template autoinsert="true" context="java" deleted="false" description="LastaFlute: Trick for messages" enabled="true" name="messagesLambda">messages -&gt; messages.${method}</template>
<template autoinsert="true" context="java" deleted="false" description="LastaFlute: Trick for more validation" enabled="true" name="moreValidationLambda">messages -&gt; {}</template>
<template autoinsert="true" context="java" deleted="false" description="DBFlute: Trick for no-argument1" enabled="true" name="noArg1Lambda">() -&gt; {
    ${cursor}
}</template>
<template autoinsert="true" context="java" deleted="false" description="DBFlute: Trick for no-argument2" enabled="true" name="noArg2Lambda">() -&gt; {
    ${cursor}
}</template>
<template autoinsert="true" context="java" deleted="false" description="DBFlute: Trick for no-argument as Inline" enabled="true" name="noArgInLambda">() -&gt; ${cursor}</template>
<template autoinsert="true" context="java" deleted="false" description="DBFlute: Trick for no-argument" enabled="true" name="noArgLambda">() -&gt; {
    ${cursor}
}</template>
<template autoinsert="true" context="java" deleted="false" description="DBFlute: Trick for one argument1" enabled="true" name="oneArg1Lambda">${var} -&gt; {
    ${var}.${method}
}</template>
<template autoinsert="true" context="java" deleted="false" description="DBFlute: Trick for one argument2" enabled="true" name="oneArg2Lambda">${var} -&gt; {
    ${var}.${method}
}</template>
<template autoinsert="true" context="java" deleted="false" description="DBFlute: Trick for one argument as Inline" enabled="true" name="oneArgInLambda">${var} -&gt; ${var}.${method}</template>
<template autoinsert="true" context="java" deleted="false" description="DBFlute: Trick for one argument" enabled="true" name="oneArgLambda">${var} -&gt; {
    ${var}.${method}
}</template>
<template autoinsert="true" context="java" deleted="false" description="DBFlute: Trick for ConditionOption" enabled="true" name="opLambda">op -&gt; op.${method}</template>
<template autoinsert="true" context="java" deleted="false" description="DBFlute: Trick for OrScopeQuery" enabled="true" name="orCBLambda">orCB -&gt; {
    orCB.query().set${Column}
}</template>
<template autoinsert="true" context="java" deleted="false" description="LastaFlute: Trick for Param" enabled="true" name="paramLambda">param -&gt; {
    param.${property}
}</template>
<template autoinsert="true" context="java" deleted="false" description="LastaFlute: Trick for Mail Postcard" enabled="true" name="postcardLambda">postcard -&gt; {
    postcard.setFrom(${fromAddress}, ${personal});
    postcard.addTo(${toAddress});
    postcard.${method}
    postcard.writeAuthor(this);
}</template>
<template autoinsert="true" context="java" deleted="false" description="DBFlute: Trick for Referrer" enabled="true" name="refCBLambda">${referrer}CB -&gt; {
    ${referrer}CB.query().addOrderBy_${Column}
}</template>
<template autoinsert="true" context="java" deleted="false" description="LastaFlute: Trick for Request" enabled="true" name="requestLambda">request -&gt; {
    request.${property}
}</template>
<template autoinsert="true" context="java" deleted="false" description="LastaFlute: Trick for Response" enabled="true" name="responseLambda">response -&gt; {
    response.${property}
}</template>
<template autoinsert="true" context="java" deleted="false" description="DBFlute: Trick for resource" enabled="true" name="resourceLambda">resource -&gt; {
    ${cursor}
}</template>
<template autoinsert="true" context="java" deleted="false" description="LastaFlute: Trick for Result" enabled="true" name="resultLambda">result -&gt; {
    result.${property}
}</template>
<template autoinsert="true" context="java" deleted="false" description="LastaFlute: Trick for Rule" enabled="true" name="ruleLambda">rule -&gt; {
    rule.${property}
}</template>
<template autoinsert="true" context="java" deleted="false" description="DBFlute: Trick for Runner" enabled="true" name="runnerLambda">runner -&gt; {
    ${cursor}
}</template>
<template autoinsert="true" context="java" deleted="false" description="LastaFlute: Trick for Runtime" enabled="true" name="runtimeLambda">runtime -&gt; {
    ${cursor}
}</template>
<template autoinsert="true" context="java" deleted="false" description="DBFlute: Trick for ScalarCondition" enabled="true" name="scalarCBLambda">${table}CB -&gt; {
    ${table}CB.specify().column${Column}
}</template>
<template autoinsert="true" context="java" deleted="false" description="DBFlute: Trick for SubQuery" enabled="true" name="subCBLambda">${table}CB -&gt; {
    ${table}CB.query().set${Column}
}</template>
<template autoinsert="true" context="java" deleted="false" description="LastaFlute: Trick for Transaction Stage" enabled="true" name="txLambda">tx -&gt; {
    ${cursor}
}</template>
<template autoinsert="true" context="java" deleted="false" description="DBFlute: Trick for Union" enabled="true" name="unionCBLambda">unionCB -&gt; {
    unionCB.query().set${Column}
}</template>
<template autoinsert="true" context="java" deleted="false" description="LastaFlute: Trick for Validation Error" enabled="true" name="validationErrorLambda">() -&gt; {
    return asHtml(path_${newName});
}</template>
<template autoinsert="true" context="java" deleted="false" description="LastaFlute: Trick for Validation Messages" enabled="true" name="validationMessagesLambda">messages -&gt; messages.add${newName}</template>
<template autoinsert="true" context="java" deleted="false" description="LastaFlute: Trick for Writtern Stream" enabled="true" name="writtenStreamLambda">${:import(java.io.InputStream)}out -&gt; {
    try (InputStream ins = ${newName}) {
        out.write(ins);
    }
}</template>
</templates>