<?xml version="1.0"?>
<!DOCTYPE database SYSTEM "http://dbflute.sandbox.seasar.org/dtd/database.dtd">
<!-- Autogenerated by JDBCToXMLSchema! -->
<database name="">
    <table name="DEPT" schema="PUBLIC" type="TABLE">
        <column dbType="INTEGER" default="" javaType="java.lang.Integer"
            name="ID" primaryKey="true" required="true" type="INTEGER"/>
        <column dbType="VARCHAR" default="" javaType="String"
            name="NAME" size="20" type="VARCHAR"/>
        <column dbType="INTEGER" default="" javaType="java.lang.Integer"
            name="VERSION_NO" type="INTEGER"/>
    </table>
    <table name="EMP" schema="PUBLIC" type="TABLE">
        <column dbType="INTEGER" default="" javaType="java.lang.Integer"
            name="ID" primaryKey="true" required="true" type="INTEGER"/>
        <column dbType="VARCHAR" default="" javaType="String"
            name="NAME" size="20" type="VARCHAR"/>
        <column dbType="DATE" default="" javaType="java.util.Date"
            name="HIRE_DATE" type="DATE"/>
        <column dbType="INTEGER" default="" javaType="java.lang.Integer"
            name="DEPT_ID" type="INTEGER"/>
        <column dbType="DECIMAL" default=""
            javaType="java.math.BigDecimal" name="VERSION_NO" size="8" type="DECIMAL"/>
        <foreign-key foreignTable="DEPT" name="DEPT_ID_FK">
            <reference foreign="ID" local="DEPT_ID"/>
        </foreign-key>
    </table>
</database>
