<?xml version="1.0" encoding="UTF-8" standalone="no"?>
<templates>
<template autoinsert="true" context="java" deleted="false" description="Java8: Lambda Arrow" enabled="true" name="_arrow">-&gt; ${cursor}</template>
<template autoinsert="true" context="java" deleted="false" description="Java8: Lambda BiParameter as Inline" enabled="true" name="_bili">(${first}, ${second}) -&gt; ${cursor}</template>
<template autoinsert="true" context="java" deleted="false" description="Java8: Lambda BiParameter as Linefeed" enabled="true" name="_bill">(${first}, ${second}) -&gt; {
    ${cursor}
}</template>
<template autoinsert="true" context="java-members" deleted="false" description="Commons Logging Logger" enabled="true" name="_clogger">${:import(org.apache.commons.logging.Log,
	org.apache.commons.logging.LogFactory)}private static final Log
	LOG = LogFactory.getLog(${enclosing_type}.class);</template>
<template autoinsert="true" context="java" deleted="false" description="comment Arrange/Act/Assert" enabled="true" name="_coaaa">// ## Arrange ##
    ${cursor}

    // ## Act ##

    // ## Assert ##</template>
<template autoinsert="true" context="java" deleted="false" description="#for_now comment" enabled="true" name="_cofornow">    // #for_now ${user} ${cursor} (${d:date('yyyy/MM/dd')})</template>
<template autoinsert="true" context="java" deleted="false" description="#hope comment" enabled="true" name="_cohope">    // #hope ${user} ${cursor} (${d:date('yyyy/MM/dd')})</template>
<template autoinsert="true" context="java" deleted="false" description="#needs_fix comment" enabled="true" name="_coneedsfix">    // #needs_fix ${user} ${cursor} (${d:date('yyyy/MM/dd')})</template>
<template autoinsert="true" context="java" deleted="false" description="#thinking comment" enabled="true" name="_cothinking">    // #thinking ${user} ${cursor} (${d:date('yyyy/MM/dd')})</template>
<template autoinsert="true" context="java" deleted="false" description="Java8: forEach()" enabled="true" name="_foreach">${var}.forEach(${newName} -&gt; {
    ${cursor}
});</template>
<template autoinsert="true" context="java" deleted="false" description="Java8: Lambda KeyValue as Inline" enabled="true" name="_kvli">(key, value) -&gt; ${cursor}</template>
<template autoinsert="true" context="java" deleted="false" description="Java8: Lambda KeyValue as Linefeed" enabled="true" name="_kvll">(key, value) -&gt; {
    ${cursor}
}</template>
<template autoinsert="true" context="javadoc" deleted="false" description="JavaDoc: (NotNull)" enabled="true" name="_docnotnull">(NotNull)</template>
<template autoinsert="true" context="javadoc" deleted="false" description="JavaDoc: (NullAllowed: ...)" enabled="true" name="_docnullallowed">(NullAllowed: ${comment})</template>
<template autoinsert="true" context="java" deleted="false" description="DBFlute: ExceptionMessageBuilder" enabled="true" name="_exmeb">${:import(org.dbflute.helper.message.ExceptionMessageBuilder)}final ExceptionMessageBuilder br = new ExceptionMessageBuilder();
br.addNotice("${notice_here}");
br.addItem("${item_here}");
br.addElement("${element_here}");
final String msg = br.buildExceptionMessage();
throw new IllegalStateException(msg, e);</template>
<template autoinsert="true" context="java-members" deleted="false" description="LastaFlute: DI for Anything" enabled="true" name="_ladany">${:import(javax.annotation.Resource)}@Resource
private ${component} anything;</template>
<template autoinsert="true" context="java-members" deleted="false" description="LastaFlute: DI for AsyncManager" enabled="true" name="_ladasync">${:import(javax.annotation.Resource,org.lastaflute.core.magic.async.AsyncManager)}@Resource
private AsyncManager asyncManager;</template>
<template autoinsert="true" context="java-members" deleted="false" description="LastaFlute: DI for Application Config" enabled="true" name="_ladconfig">${:import(javax.annotation.Resource)}@Resource
private ${app}Config config;</template>
<template autoinsert="true" context="java-members" deleted="false" description="LastaFlute: DI for CookieManager" enabled="true" name="_ladcookie">${:import(javax.annotation.Resource,org.lastaflute.web.servlet.cookie.CookieManager)}@Resource
private CookieManager cookieManager;</template>
<template autoinsert="true" context="java-members" deleted="false" description="LastaFlute: DI for JobManager" enabled="true" name="_ladjob">${:import(javax.annotation.Resource,org.lastaflute.job.JobManager)}@Resource
private JobManager jobManager;</template>
<template autoinsert="true" context="java-members" deleted="false" description="LastaFlute: DI for JsonManager" enabled="true" name="_ladjson">${:import(javax.annotation.Resource,org.lastaflute.core.json.JsonManager)}@Resource
private JsonManager jsonManager;</template>
<template autoinsert="true" context="java-members" deleted="false" description="LastaFlute: DI for MessageManager" enabled="true" name="_ladmessage">${:import(javax.annotation.Resource,org.lastaflute.core.message.MessageManager)}@Resource
private MessageManager messageManager;</template>
<template autoinsert="true" context="java-members" deleted="false" description="LastaFlute: DI for Postbox" enabled="true" name="_ladpostbox">${:import(javax.annotation.Resource,org.lastaflute.core.mail.Postbox)}@Resource
private Postbox postbox;</template>
<template autoinsert="true" context="java-members" deleted="false" description="LastaFlute: DI for PrimaryCipher" enabled="true" name="_ladprimcipher">${:import(javax.annotation.Resource,org.lastaflute.core.security.PrimaryCipher)}@Resource
private PrimaryCipher primaryCipher;</template>
<template autoinsert="true" context="java-members" deleted="false" description="LastaFlute: DI for RequestManager" enabled="true" name="_ladrequest">${:import(javax.annotation.Resource,org.lastaflute.web.servlet.request.RequestManager)}@Resource
private RequestManager requestManager;</template>
<template autoinsert="true" context="java-members" deleted="false" description="LastaFlute: DI for ResponseManager" enabled="true" name="_ladresponse">${:import(javax.annotation.Resource,org.lastaflute.web.servlet.request.ResponseManager)}@Resource
private ResponseManager responseManager;</template>
<template autoinsert="true" context="java-members" deleted="false" description="LastaFlute: DI for SessionManager" enabled="true" name="_ladsession">${:import(javax.annotation.Resource,org.lastaflute.web.servlet.session.SessionManager)}@Resource
private SessionManager sessionManager;</template>
<template autoinsert="true" context="java-members" deleted="false" description="LastaFlute: DI for TemplateManager" enabled="true" name="_ladtemplate">${:import(javax.annotation.Resource,org.lastaflute.core.template.TemplateManager)}@Resource
private TemplateManager templateManager;</template>
<template autoinsert="true" context="java-members" deleted="false" description="LastaFlute: DI for TimeManager" enabled="true" name="_ladtime">${:import(javax.annotation.Resource,org.lastaflute.core.time.TimeManager)}@Resource
private TimeManager timeManager;</template>
<template autoinsert="true" context="java-members" deleted="false" description="LastaFlute: DI for TransactionStage" enabled="true" name="_ladtransaction">${:import(javax.annotation.Resource,org.lastaflute.db.jta.stage.TransactionStage)}@Resource
private TransactionStage transactionStage;</template>
<template autoinsert="true" context="java-members" deleted="false" description="LastaFlute: Execute Method as HTML response with ID and Form" enabled="true" name="_laexhtml">${:import(org.lastaflute.web.Execute,org.lastaflute.web.response.HtmlResponse)}@Execute
public HtmlResponse ${method}(Integer ${object}Id, ${form}Form form) {
    return asHtml(path_${newName});
}</template>
<template autoinsert="true" context="java-members" deleted="false" description="LastaFlute: Execute Method as JSON response with ID and Body" enabled="true" name="_laexjson">${:import(org.lastaflute.web.Execute,org.lastaflute.web.response.JsonResponse)}@Execute
public JsonResponse&lt;${result}&gt; ${method}(Integer ${object}Id, ${body}Body body) {
    return asJson(result);
}</template>
<template autoinsert="true" context="java-members" deleted="false" description="LastaFlute: Public Property simply" enabled="true" name="_laprop">${:import(java.util.List,org.lastaflute.web.validation.Required)}/** ${xxx_property_description_xxx} e.g. ${xxx_example_value_xxx} */
@Required
public ${xxx_PropertyType_xxx} ${xxx_propertyName_xxx};</template>
<template autoinsert="true" context="java-members" deleted="false" description="LastaFlute: Public Property as Valid Class" enabled="true" name="_lapvalidclass">${:import(org.lastaflute.web.validation.Required,javax.validation.Valid)}/** ${xxx_object_description_xxx} */
@Required
@Valid
public ${xxx_PartName_xxx}Part ${xxx_partName_xxx};

/**
 * @author ${user}
 */
public static class ${xxx_PartName_xxx}Part {

    /** ${xxx_property_description_xxx} e.g. ${xxx_example_value_xxx} */
    @Required
    public ${xxx_PropertyType_xxx} ${xxx_propertyName_xxx};
}</template>
<template autoinsert="true" context="java-members" deleted="false" description="LastaFlute: Public Property as Valid List" enabled="true" name="_lapvalidlist">${:import(java.util.List,org.lastaflute.web.validation.Required,javax.validation.constraints.NotNull,javax.validation.Valid)}/** ${xxx_list_description_xxx} */
@NotNull
@Valid
public List&lt;${xxx_PartName_xxx}Part&gt; ${xxx_partListName_xxx};

/**
 * @author ${user}
 */
public static class ${xxx_PartName_xxx}Part {

    /** ${xxx_property_description_xxx} e.g. ${xxx_example_value_xxx} */
    @Required
    public ${xxx_PropertyType_xxx} ${xxx_propertyName_xxx};
}</template>
<template autoinsert="true" context="java-members" deleted="false" description="LastaFlute: toString() with Lato" enabled="true" name="_latostring">${:import(org.lastaflute.core.util.Lato)}@Override
public String toString() {
    return Lato.string(this);
}</template>
<template autoinsert="true" context="java" deleted="false" description="LastaFlute: Validator groups=ClientError.class" enabled="true" name="_lavclienterr">${:import(org.lastaflute.web.validation.ClientError)}groups = ClientError.class</template>
<template autoinsert="true" context="java" deleted="false" description="LastaFlute: Validator for moreValidationLambda" enabled="true" name="_lavmessages">messages -> {}</template>
<template autoinsert="true" context="java" deleted="false" description="LastaFlute: Validator moreValidate(form|body, messages)" enabled="true" name="_lavmorevalidate">moreValidate(${localVar}, messages)</template>
<template autoinsert="true" context="java" deleted="false" description="LastaFlute: Validator for validationErrorLambda" enabled="true" name="_lavreterrorhtml">() -> {
    return asHtml(${path_:var(org.lastaflute.web.response.next.HtmlNext)});
}</template>
<template autoinsert="true" context="java" deleted="false" description="Java8: Lambda Arrow as Inline" enabled="true" name="_li">${var} -&gt; ${var}.${newName}</template>
<template autoinsert="true" context="java" deleted="false" description="Java8: Lambda Arrow with Linefeed" enabled="true" name="_ll">${var} -&gt; {
    ${var}.${newName}
}</template>
<template autoinsert="true" context="java-members" deleted="false" description="Slf4j Logger" enabled="true" name="_logger">${:import(org.slf4j.Logger,
	org.slf4j.LoggerFactory)}private static final Logger
	logger = LoggerFactory.getLogger(${enclosing_type}.class);</template>
<template autoinsert="true" context="java" deleted="false" description="DBFlute: .addOrderBy_..." enabled="true" name="_order">.addOrderBy_${columnName}</template>
<template autoinsert="true" context="java-members" deleted="false" description="Java: private final String sea;" enabled="true" name="_prifin">private final ${variableType} ${variableName};</template>
<template autoinsert="true" context="java-members" deleted="false" description="Java: protected final String sea;" enabled="true" name="_profin">protected final ${variableType} ${variableName};</template>
<template autoinsert="true" context="java-members" deleted="false" description="Java: public final String sea;" enabled="true" name="_pubfin">public final ${variableType} ${variableName};</template>
<template autoinsert="true" context="java-members" deleted="false" description="Java: public static class Sea { ..." enabled="true" name="_pubstacla">public static class ${variableName} {

    ${cursor}
}</template>
<template autoinsert="true" context="java-members" deleted="false" description="Java: public static final SEA = ..." enabled="true" name="_pubstafin">public static final ${variableType} ${variableName} = ${value};</template>
<template autoinsert="true" context="java" deleted="false" description="DBFlute: cb.query()" enabled="true" name="_query">${var}.query()</template>
<template autoinsert="true" context="java" deleted="false" description="(yyyy/MM/dd)" enabled="true" name="_reardate">// ${cursor}(${d:date('yyyy/MM/dd')})</template>
<template autoinsert="true" context="java" deleted="false" description="by user" enabled="true" name="_rearuser">// ${cursor}by ${user}</template>
<template autoinsert="true" context="java" deleted="false" description="Java8: collect toList()" enabled="true" name="_scolist">${:import(java.util.stream.Collectors)}.collect(Collectors.toList())</template>
<template autoinsert="true" context="java" deleted="false" description="Java8: collect toMap()" enabled="true" name="_scomap">${:import(java.util.stream.Collectors)}.collect(Collectors.toMap(bean -&gt; bean.get${newName}, bean -&gt; bean))</template>
<template autoinsert="true" context="java" deleted="false" description="DBFlute: cb.specify()" enabled="true" name="_specify">${var}.specify()</template>
<template autoinsert="true" context="java" deleted="false" description="TagComment: Accessor" enabled="true" name="_taacce">    // ===================================================================================
    //                                                                            Accessor
    //                                                                            ========</template>
<template autoinsert="true" context="java" deleted="false" description="TagComment: Assist Logic" enabled="true" name="_taassl">	// ===================================================================================
    //                                                                        Assist Logic
    //                                                                        ============</template>
<template autoinsert="true" context="java" deleted="false" description="TagComment: Attribute" enabled="true" name="_taattr">    // ===================================================================================
    //                                                                           Attribute
    //                                                                           =========</template>
<template autoinsert="true" context="java" deleted="false" description="TagComment: Basic Override" enabled="true" name="_tabaov">    // ===================================================================================
    //                                                                      Basic Override
    //                                                                      ==============</template>
<template autoinsert="true" context="java" deleted="false" description="TagComment: Callback" enabled="true" name="_tacallb">    // ===================================================================================
    //                                                                            Callback
    //                                                                            ========</template>
<template autoinsert="true" context="java" deleted="false" description="TagComment: Constructor" enabled="true" name="_taconst">    // ===================================================================================
    //                                                                         Constructor
    //                                                                         ===========</template>
<template autoinsert="true" context="java" deleted="false" description="TagComment: Definition" enabled="true" name="_tadef">    // ===================================================================================
    //                                                                          Definition
    //                                                                          ==========</template>
<template autoinsert="true" context="java" deleted="false" description="Nest tag comment for DI components" enabled="true" name="_tadicom">    // -----------------------------------------------------
    //                                          DI Component
    //                                          ------------</template>
<template autoinsert="true" context="java" deleted="false" description="Nest tag comment for display data of Action" enabled="true" name="_tadisp">    // -----------------------------------------------------
    //                                          Display Data
    //                                          ------------</template>
<template autoinsert="true" context="java" deleted="false" description="Execute Methods of Action" enabled="true" name="_taexec">    // ===================================================================================
    //                                                                             Execute
    //                                                                             =======</template>
<template autoinsert="true" context="java" deleted="false" description="TagComment: Xxx Helper" enabled="true" name="_tahelp">    // ===================================================================================
    //                                                                          Xxx Helper
    //                                                                          ==========</template>
<template autoinsert="true" context="java" deleted="false" description="TagComment: Hook" enabled="true" name="_tahook">    // ===================================================================================
    //                                                                               Hook
    //                                                                              ======</template>
<template autoinsert="true" context="java" deleted="false" description="TagComment: Initialize" enabled="true" name="_tainit">    // ===================================================================================
    //                                                                          Initialize
    //                                                                          ==========</template>
<template autoinsert="true" context="java" deleted="false" description="TagComment: Mapping" enabled="true" name="_tamapp">    // ===================================================================================
    //                                                                             Mapping
    //                                                                             =======</template>
<template autoinsert="true" context="java" deleted="false" description="TagComment: Nested Comment" enabled="true" name="_tanest">    // -----------------------------------------------------
    //                                                XxxYyy
    //                                                ------</template>
<template autoinsert="true" context="java" deleted="false" description="TagComment: Xxx Override" enabled="true" name="_taover">    // ===================================================================================
    //                                                                        Xxx Override
    //                                                                        ============</template>
<template autoinsert="true" context="java" deleted="false" description="TagComment: Request Mapping" enabled="true" name="_tareqmp">    // ===================================================================================
    //                                                                     Request Mapping
    //                                                                     ===============</template>
<template autoinsert="true" context="java" deleted="false" description="TagComment: Select" enabled="true" name="_taselect">    // ===================================================================================
    //                                                                              Select
    //                                                                              ======</template>
<template autoinsert="true" context="java" deleted="false" description="TagComment: Small Helper" enabled="true" name="_tasmhp">	// ===================================================================================
    //                                                                        Small Helper
    //                                                                        ============</template>
<template autoinsert="true" context="java" deleted="false" description="TagComment: Update" enabled="true" name="_taupdate">    // ===================================================================================
    //                                                                              Update
    //                                                                              ======</template>
<template autoinsert="true" context="java" deleted="false" description="Validation methods for Action" enabled="true" name="_tavalid">    // ===================================================================================
    //                                                                          Validation
    //                                                                          ==========</template>
<template autoinsert="true" context="java" deleted="false" description="Unit Test for UTFlute" enabled="true" name="_test">public void test_${name}() {
    // ## Arrange ##
    ${cursor}

    // ## Act ##

    // ## Assert ##
}</template>
<template autoinsert="true" context="java" deleted="false" description="TODO comment" enabled="true" name="_todo">    // TODO ${user} ${cursor} (${d:date('yyyy/MM/dd')})</template>
<template autoinsert="true" context="java" deleted="false" description="TODO review comment" enabled="true" name="_trev">    // TODO ${you} ${message} by ${user} (${d:date('yyyy/MM/dd')})</template>
<template autoinsert="true" context="java-statements" deleted="false" description="throw new IllegalArgumentException(...)" enabled="true" name="_tharg">throw new IllegalArgumentException("The argument '${localVar}' should not be null.");</template>
<template autoinsert="true" context="java-statements" deleted="false" description="throw new IllegalStateException(...)" enabled="true" name="_thstate">throw new IllegalStateException("${message}", ${e:localVar(java.lang.Throwable)});</template>

<template autoinsert="true" context="java" deleted="false" description="DBFlute: Trick for OrScopeQueryAndPart" enabled="true" name="andCBLambda">andCB -&gt; {
    andCB.query().set${Column}
}</template>
<template autoinsert="true" context="java" deleted="false" description="LastaFlute: Trick for JSON Body" enabled="true" name="bodyLambda">body -&gt; {
    body.${property}
}</template>
<template autoinsert="true" context="java" deleted="false" description="DBFlute: Trick for Exception cause" enabled="true" name="causeLambda">cause -&gt; {
    ${cursor}
}</template>
<template autoinsert="true" context="java" deleted="false" description="DBFlute: Trick for ConditionBean" enabled="true" name="cbLambda">cb -&gt; {
    cb.${method}
}</template>
<template autoinsert="true" context="java" deleted="false" description="DBFlute: Trick for SpecifyColumn" enabled="true" name="colCBLambda">colCB -&gt; colCB.specify().column${Column}</template>
<template autoinsert="true" context="java" deleted="false" description="DBFlute: Trick for Configuration" enabled="true" name="confLambda">conf -&gt; conf.${method}</template>
<template autoinsert="true" context="java" deleted="false" description="DBFlute Trick for data" enabled="true" name="dataLambda">data -&gt; {
    data.${method}
}</template>
<template autoinsert="true" context="java" deleted="false" description="DBFlute: Trick for DerivedReferrer" enabled="true" name="derivedCBLambda">${table}CB -&gt; {
    ${table}CB.specify().column${Column}
}</template>
<template autoinsert="true" context="java" deleted="false" description="DBFlute: Trick for Entity" enabled="true" name="entityLambda">${table} -&gt; {
    ${table}.${method}
}</template>
<template autoinsert="true" context="java" deleted="false" description="DBFlute: Trick for Entity List" enabled="true" name="entityListLambda">${table}List -&gt; {
    ${cursor}
}</template>
<template autoinsert="true" context="java" deleted="false" description="LastaFlute: Trick for general Error Response" enabled="true" name="errorResponseLambda">() -&gt; {
    return asHtml(path_${newName});
}</template>
<template autoinsert="true" context="java" deleted="false" description="LastaFlute: Trick for Form" enabled="true" name="formLambda">form -&gt; {
    form.${property}
}</template>
<template autoinsert="true" context="java" deleted="false" description="DBFlute: Trick for ReferrerLoader" enabled="true" name="loaderLambda">${base}Loader -&gt; {
    ${base}Loader.load${Referrer}
}</template>
<template autoinsert="true" context="java" deleted="false" description="DBFlute: Trick for many arguments" enabled="true" name="manyArgLambda">(${arg1}, ${arg2}) -&gt; {
    ${cursor}
}</template>
<template autoinsert="true" context="java" deleted="false" description="LastaFlute: Trick for messages" enabled="true" name="messagesLambda">messages -&gt; messages.${method}</template>
<template autoinsert="true" context="java" deleted="false" description="LastaFlute: Trick for more validation" enabled="true" name="moreValidationLambda">messages -&gt; {}</template>
<template autoinsert="true" context="java" deleted="false" description="DBFlute: Trick for no-argument1" enabled="true" name="noArg1Lambda">() -&gt; {
    ${cursor}
}</template>
<template autoinsert="true" context="java" deleted="false" description="DBFlute: Trick for no-argument2" enabled="true" name="noArg2Lambda">() -&gt; {
    ${cursor}
}</template>
<template autoinsert="true" context="java" deleted="false" description="DBFlute: Trick for no-argument as Inline" enabled="true" name="noArgInLambda">() -&gt; ${cursor}</template>
<template autoinsert="true" context="java" deleted="false" description="DBFlute: Trick for no-argument" enabled="true" name="noArgLambda">() -&gt; {
    ${cursor}
}</template>
<template autoinsert="true" context="java" deleted="false" description="DBFlute: Trick for one argument1" enabled="true" name="oneArg1Lambda">${var} -&gt; {
    ${var}.${method}
}</template>
<template autoinsert="true" context="java" deleted="false" description="DBFlute: Trick for one argument2" enabled="true" name="oneArg2Lambda">${var} -&gt; {
    ${var}.${method}
}</template>
<template autoinsert="true" context="java" deleted="false" description="DBFlute: Trick for one argument as Inline" enabled="true" name="oneArgInLambda">${var} -&gt; ${var}.${method}</template>
<template autoinsert="true" context="java" deleted="false" description="DBFlute: Trick for one argument" enabled="true" name="oneArgLambda">${var} -&gt; {
    ${var}.${method}
}</template>
<template autoinsert="true" context="java" deleted="false" description="DBFlute: Trick for ConditionOption" enabled="true" name="opLambda">op -&gt; op.${method}</template>
<template autoinsert="true" context="java" deleted="false" description="DBFlute: Trick for OrScopeQuery" enabled="true" name="orCBLambda">orCB -&gt; {
    orCB.query().set${Column}
}</template>
<template autoinsert="true" context="java" deleted="false" description="LastaFlute: Trick for Param" enabled="true" name="paramLambda">param -&gt; {
    param.${property}
}</template>
<template autoinsert="true" context="java" deleted="false" description="LastaFlute: Trick for Mail Postcard" enabled="true" name="postcardLambda">postcard -&gt; {
    postcard.setFrom(${fromAddress}, ${personal});
    postcard.addTo(${toAddress});
    postcard.${method}
    postcard.writeAuthor(this);
}</template>
<template autoinsert="true" context="java" deleted="false" description="DBFlute: Trick for Referrer" enabled="true" name="refCBLambda">${referrer}CB -&gt; {
    ${referrer}CB.query().addOrderBy_${Column}
}</template>
<template autoinsert="true" context="java" deleted="false" description="LastaFlute: Trick for Request" enabled="true" name="requestLambda">request -&gt; {
    request.${property}
}</template>
<template autoinsert="true" context="java" deleted="false" description="LastaFlute: Trick for Response" enabled="true" name="responseLambda">response -&gt; {
    response.${property}
}</template>
<template autoinsert="true" context="java" deleted="false" description="DBFlute: Trick for resource" enabled="true" name="resourceLambda">resource -&gt; {
    ${cursor}
}</template>
<template autoinsert="true" context="java" deleted="false" description="LastaFlute: Trick for Result" enabled="true" name="resultLambda">result -&gt; {
    result.${property}
}</template>
<template autoinsert="true" context="java" deleted="false" description="LastaFlute: Trick for Rule" enabled="true" name="ruleLambda">rule -&gt; {
    rule.${property}
}</template>
<template autoinsert="true" context="java" deleted="false" description="DBFlute: Trick for Runner" enabled="true" name="runnerLambda">runner -&gt; {
    ${cursor}
}</template>
<template autoinsert="true" context="java" deleted="false" description="LastaFlute: Trick for Runtime" enabled="true" name="runtimeLambda">runtime -&gt; {
    ${cursor}
}</template>
<template autoinsert="true" context="java" deleted="false" description="DBFlute: Trick for ScalarCondition" enabled="true" name="scalarCBLambda">${table}CB -&gt; {
    ${table}CB.specify().column${Column}
}</template>
<template autoinsert="true" context="java" deleted="false" description="DBFlute: Trick for SubQuery" enabled="true" name="subCBLambda">${table}CB -&gt; {
    ${table}CB.query().set${Column}
}</template>
<template autoinsert="true" context="java" deleted="false" description="LastaFlute: Trick for Transaction Stage" enabled="true" name="txLambda">tx -&gt; {
    ${cursor}
}</template>
<template autoinsert="true" context="java" deleted="false" description="DBFlute: Trick for Union" enabled="true" name="unionCBLambda">unionCB -&gt; {
    unionCB.query().set${Column}
}</template>
<template autoinsert="true" context="java" deleted="false" description="LastaFlute: Trick for Validation Error" enabled="true" name="validationErrorLambda">() -&gt; {
    return asHtml(path_${newName});
}</template>
<template autoinsert="true" context="java" deleted="false" description="LastaFlute: Trick for Validation Messages" enabled="true" name="validationMessagesLambda">messages -&gt; messages.add${newName}</template>
<template autoinsert="true" context="java" deleted="false" description="LastaFlute: Trick for Writtern Stream" enabled="true" name="writtenStreamLambda">${:import(java.io.InputStream)}out -&gt; {
    try (InputStream ins = ${newName}) {
        out.write(ins);
    }
}</template>



<template autoinsert="true" context="javadoc" deleted="false" description="author name" enabled="true" id="org.eclipse.jdt.ui.templates.author" name="@author">@author ${user}</template><template autoinsert="true" context="javadoc" deleted="false" description="&lt;b&gt;&lt;/b&gt;" enabled="true" id="org.eclipse.jdt.ui.templates.b_tag" name="&lt;b&gt;">&lt;b&gt;${word_selection}${}&lt;/b&gt;${cursor}</template><template autoinsert="true" context="javadoc" deleted="false" description="&lt;code&gt;&lt;/code&gt;" enabled="true" id="org.eclipse.jdt.ui.templates.code_tag" name="&lt;code&gt;">&lt;code&gt;${word_selection}${}&lt;/code&gt;${cursor}</template><template autoinsert="true" context="javadoc" deleted="false" description="&lt;i&gt;&lt;/i&gt;" enabled="true" id="org.eclipse.jdt.ui.templates.i_tag" name="&lt;i&gt;">&lt;i&gt;${word_selection}${}&lt;/i&gt;${cursor}</template><template autoinsert="true" context="javadoc" deleted="false" description="&lt;pre&gt;&lt;/pre&gt;" enabled="true" id="org.eclipse.jdt.ui.templates.pre_tag" name="&lt;pre&gt;">&lt;pre&gt;${word_selection}${}&lt;/pre&gt;${cursor}</template><template autoinsert="true" context="java-members" deleted="false" description="Insert @After method" enabled="true" id="junit.extensions.eclipse.quick.after" name="A">@${testType:newType(org.junit.After)}
public void ${after}() throws Exception {
${cursor} 
}</template><template autoinsert="true" context="java-members" deleted="false" description="Insert @AfterClass method (Quick JUnit)" enabled="true" id="junit.extensions.eclipse.quick.afterClass" name="AC">@${testType:newType(org.junit.AfterClass)}
public static void ${afterClass}() throws Exception {
${cursor} 
}</template><template autoinsert="false" context="swt-statements" deleted="false" description="add a listener to a Widget " enabled="true" id="org.eclipse.jdt.ui.text.codetemplates.swt.addlistener" name="addlistener">${control:var(org.eclipse.swt.widgets.Widget)}.addListener(${type:link(
	SWT.Activate,
	SWT.Arm,
	SWT.Close,
	SWT.Collapse,
	SWT.Deactivate,
	SWT.DefaultSelection,
	SWT.Deiconify,
	SWT.Dispose,
	SWT.DragDetect,
	SWT.EraseItem,
	SWT.Expand,
	SWT.FocusIn,
	SWT.FocusOut,
	SWT.HardKeyDown,
	SWT.HardKeyUp,
	SWT.Help,
	SWT.Hide,
	SWT.Iconify,
	SWT.ImeComposition,
	SWT.KeyDown,
	SWT.KeyUp,
	SWT.MeasureItem,
	SWT.MenuDetect,
	SWT.Modify,
	SWT.MouseDoubleClick,
	SWT.MouseDown,
	SWT.MouseEnter,
	SWT.MouseExit,
	SWT.MouseHover,
	SWT.MouseMove,
	SWT.MouseUp,
	SWT.MouseWheel,
	SWT.Move,
	SWT.Paint,
	SWT.PaintItem,
	SWT.Resize,
	SWT.Selection,
	SWT.SetData,
	SWT.Settings,
	SWT.Show,
	SWT.Traverse,
	SWT.Verify)}, new ${listener:newType(org.eclipse.swt.widgets.Listener)}(){
	public void handleEvent(${event:newType(org.eclipse.swt.widgets.Event)} e) {
		${imp:import(org.eclipse.swt.SWT)}${cursor}				
	}
});</template><template autoinsert="false" context="java-statements" deleted="false" description="add an element to an array" enabled="true" id="org.eclipse.jdt.ui.templates.arrayadd" name="arrayadd">${array_type}[] ${result:newName(array)} = new ${array_type}[${array}.length + 1];
System.arraycopy(${array}, 0, ${result}, 0, ${array}.length);
${result}[${array}.length]= ${var};</template><template autoinsert="false" context="java-statements" deleted="false" description="merge two arrays into one" enabled="true" id="org.eclipse.jdt.ui.templates.arraymerge" name="arraymerge">${array_type}[] ${result:newName(array1)} = new ${array_type}[${array1:array}.length + ${array}.length];
System.arraycopy(${array1}, 0, ${result}, 0, ${array1}.length);
System.arraycopy(${array}, 0, ${result}, ${array1}.length, ${array}.length);</template><template autoinsert="true" context="java-statements" deleted="false" description="Insert assertThat method (Quick JUnit)" enabled="true" id="junit.extensions.eclipse.quick.template.assertThat" name="AT">${junit:importStatic('org.junit.Assert.assertThat')}assertThat(${:localVar(java.lang.Object)}${cursor},${hamcrest:importStatic('org.hamcrest.CoreMatchers.is')}is(${expected}));</template><template autoinsert="true" context="java-members" deleted="false" description="Insert @Before method (Quick JUnit)" enabled="true" id="junit.extensions.eclipse.quick.before" name="B">@${testType:newType(org.junit.Before)}
public void ${before}() throws Exception {
${cursor} 
}</template><template autoinsert="true" context="java-members" deleted="false" description="Insert @BeforeClass method (Quick JUnit)" enabled="true" id="junit.extensions.eclipse.quick.template.beforeClass" name="BC">@${testType:newType(org.junit.BeforeClass)}
public static void ${beforeClass}() throws Exception {
${cursor} 
}</template><template autoinsert="true" context="postfix" deleted="false" description="Sets the cursor to the begin of the expression" enabled="true" id="org.eclipse.jdt.postfixcompletion.beg" name="beg">${}${inner_expression}${cursor}</template><template autoinsert="false" context="swt-statements" deleted="false" description="new Browser" enabled="true" id="org.eclipse.jdt.ui.text.codetemplates.swt.browser" name="Browser">${browserType:newType(org.eclipse.swt.browser.Browser)} ${browser:newName(org.eclipse.swt.browser.Browser)}= new ${browserType}(${parent:var(org.eclipse.swt.widgets.Composite)}, ${style:link(SWT.NONE, SWT.WEBKIT)});
${browser}.setLayoutData(new ${gridDataType:newType(org.eclipse.swt.layout.GridData)}(SWT.${horizontal:link(FILL, BEGINNING, CENTER, END)}, SWT.${vertical:link(FILL, TOP, CENTER, BOTTOM)}, ${hex:link(true, false)}, ${vex:link(true, false)}));
${browser}.setUrl(${word_selection}${});
${imp:import(org.eclipse.swt.SWT)}${cursor}</template><template autoinsert="false" context="swt-statements" deleted="false" description="new Button" enabled="true" id="org.eclipse.jdt.ui.text.codetemplates.swt.button" name="Button">${buttonType:newType(org.eclipse.swt.widgets.Button)} ${button:newName(org.eclipse.swt.widgets.Button)}= new ${buttonType}(${parent:var(org.eclipse.swt.widgets.Composite)}, ${style:link(SWT.PUSH, SWT.TOGGLE, SWT.RADIO, SWT.CHECK, SWT.FLAT)});
${button}.setLayoutData(new ${type:newType(org.eclipse.swt.layout.GridData)}(SWT.${horizontal:link(BEGINNING, CENTER, END, FILL)}, SWT.${vertical:link(CENTER, TOP, BOTTOM, FILL)}, ${hex:link(false, true)}, ${vex:link(false, true)}));
${button}.setText(${word_selection}${});
${button}.addSelectionListener(new SelectionAdapter() {
			@Override
			public void widgetSelected(SelectionEvent e) {
				${listener:link('')}
			}
		});
${imp:import(org.eclipse.swt.SWT, org.eclipse.swt.events.SelectionAdapter, org.eclipse.swt.events.SelectionEvent)}${cursor}</template><template autoinsert="false" context="java-statements" deleted="false" description="dynamic cast" enabled="true" id="org.eclipse.jdt.ui.templates.cast" name="cast">${type} ${new_name} = (${type}) ${name};</template><template autoinsert="true" context="postfix" deleted="false" description="Casts the expression to a new type" enabled="true" id="org.eclipse.jdt.postfixcompletion.cast" name="cast">((${})${inner_expression})${cursor}</template><template autoinsert="false" context="java-statements" deleted="false" description="catch block" enabled="true" id="org.eclipse.jdt.ui.templates.catch" name="catch">catch (${Exception} ${exception_variable_name}) {
	${cursor}// ${todo}: handle exception
}</template><template autoinsert="false" context="swt-statements" deleted="false" description="new Combo" enabled="true" id="org.eclipse.jdt.ui.text.codetemplates.swt.combo" name="Combo">${comboType:newType(org.eclipse.swt.widgets.Combo)} ${combo:newName(org.eclipse.swt.widgets.Combo)}= new ${comboType}(${parent:var(org.eclipse.swt.widgets.Composite)}, ${style:link(SWT.DROP_DOWN, 'SWT.DROP_DOWN | SWT.READ_ONLY')});
${combo}.setLayoutData(new ${gridDataType:newType(org.eclipse.swt.layout.GridData)}(SWT.${horizontal:link(FILL, BEGINNING, CENTER, END)}, SWT.${vertical:link(CENTER, TOP, BOTTOM, FILL)}, ${hex:link(true, false)}, ${vex:link(false, true)}));
${combo}.setItems(${word_selection}${});
${imp:import(org.eclipse.swt.SWT)}${cursor}</template><template autoinsert="false" context="swt-statements" deleted="false" description="new Composite with GridLayout" enabled="true" id="org.eclipse.jdt.ui.text.codetemplates.swt.gridcomposite" name="Composite">${compositeType:newType(org.eclipse.swt.widgets.Composite)} ${composite:newName(org.eclipse.swt.widgets.Composite)}= new ${compositeType}(${parent:var(org.eclipse.swt.widgets.Composite)}, ${style:link(SWT.NONE, SWT.BORDER)});
${composite}.setLayoutData(new ${gridDataType:newType(org.eclipse.swt.layout.GridData)}(SWT.${horizontal:link(FILL, BEGINNING, CENTER, END)}, SWT.${vertical:link(FILL, TOP, CENTER, BOTTOM)}, ${hex:link(true, false)}, ${vex:link(true, false)}));
${composite}.setLayout(new ${layoutType:newType(org.eclipse.swt.layout.GridLayout)}(${numberColumns:link(1, 2, 3, 4, 5)}, ${equalColumns:link(false, true)}));
${imp:import(org.eclipse.swt.SWT)}${cursor}</template><template autoinsert="true" context="postfix" deleted="false" description="Creates a new private constant" enabled="true" id="org.eclipse.jdt.postfixcompletion.constpriv" name="constpriv">${n:newField(i, false, true, true, true)}${i:inner_expression(novalue)}${cursor}</template><template autoinsert="true" context="postfix" deleted="false" description="Creates a new public constant" enabled="true" id="org.eclipse.jdt.postfixcompletion.constpub" name="constpub">${n:newField(i, true, true, true, true)}${i:inner_expression(novalue)}${cursor}</template><template autoinsert="false" context="swt-statements" deleted="false" description="new DateTime" enabled="true" id="org.eclipse.jdt.ui.text.codetemplates.swt.datetime" name="DateTime">${dateType:newType(org.eclipse.swt.widgets.DateTime)} ${dateTime:newName(org.eclipse.swt.widgets.DateTime)}= new ${dateType}(${parent:var(org.eclipse.swt.widgets.Composite)}, ${style:link('SWT.CALENDAR | SWT.SHORT', 'SWT.CALENDAR | SWT.MEDIUM', 'SWT.CALENDAR | SWT.LONG', 'SWT.TIME | SWT.SHORT', 'SWT.TIME | SWT.MEDIUM', 'SWT.TIME | SWT.LONG', 'SWT.DATE | SWT.SHORT', 'SWT.DATE | SWT.MEDIUM', 'SWT.DATE | SWT.LONG')});
${dateTime}.setLayoutData(new ${gridDataType:newType(org.eclipse.swt.layout.GridData)}(SWT.${horizontal:link(FILL, BEGINNING, CENTER, END)}, SWT.${vertical:link(FILL, TOP, CENTER, BOTTOM)}, ${hex:link(true, false)}, ${vex:link(true, false)}));
${imp:import(org.eclipse.swt.SWT)}${cursor}</template><template autoinsert="false" context="java-statements" deleted="false" description="do while statement" enabled="true" id="org.eclipse.jdt.ui.templates.do" name="do">do {
	${line_selection}${cursor}
} while (${condition:var(boolean)});</template><template autoinsert="true" context="postfix" deleted="false" description="Creates a do-while loop" enabled="true" id="org.eclipse.jdt.postfixcompletion.dowhile" name="dowhile">do {&#13;
	${cursor}&#13;
} while (${i:inner_expression(boolean)});</template><template autoinsert="false" context="java-statements" deleted="false" description="else block" enabled="true" id="org.eclipse.jdt.ui.templates.else" name="else">else {
	${cursor}
}</template><template autoinsert="true" context="postfix" deleted="false" description="Creates a negated if statement" enabled="true" id="org.eclipse.jdt.postfixcompletion.else" name="else">if (!${i:inner_expression(boolean)}${}) {&#13;
	${cursor}&#13;
}</template><template autoinsert="false" context="java-statements" deleted="false" description="else if block" enabled="true" id="org.eclipse.jdt.ui.templates.elseif" name="elseif">else if (${condition:var(boolean)}) {
	${cursor}
}</template><template autoinsert="false" context="swt-statements" deleted="false" description="execute a runnable in the UI thread" enabled="true" id="org.eclipse.jdt.ui.text.codetemplates.swt.execute" name="execute">${display:var(org.eclipse.swt.widgets.Display)}.${kind:link(syncExec, asyncExec)}(new ${runnable:newType(java.lang.Runnable)}(){
	public void run(){
		${cursor}
	}
});</template><template autoinsert="false" context="swt-statements" deleted="false" description="new ExpandBar" enabled="true" id="org.eclipse.jdt.ui.text.codetemplates.swt.expandbar" name="ExpandBar">${type:newType(org.eclipse.swt.widgets.ExpandBar)} ${bar:newName(org.eclipse.swt.widgets.ExpandBar)}= new ${type}(${parent:var(org.eclipse.swt.widgets.Composite)}, ${style:link(SWT.V_SCROLL, SWT.NONE)});
${bar}.setLayoutData(new ${gridDataType:newType(org.eclipse.swt.layout.GridData)}(SWT.${horizontal:link(FILL, BEGINNING, CENTER, END)}, SWT.${vertical:link(FILL, TOP, CENTER, BOTTOM)}, ${hex:link(true, false)}, ${vex:link(true, false)}));
${imp:import(org.eclipse.swt.SWT)}${cursor}</template><template autoinsert="false" context="swt-statements" deleted="false" description="new ExpandItem for an ExpandBar" enabled="true" id="org.eclipse.jdt.ui.text.codetemplates.swt.expanditem" name="ExpandItem">${type:newType(org.eclipse.swt.widgets.ExpandItem)} ${item:newName(org.eclipse.swt.widgets.ExpandItem)}= new ${type}(${parent:var(org.eclipse.swt.widgets.ExpandBar)}, SWT.NONE);
${item}.setText(${word_selection}${});
${imp:import(org.eclipse.swt.SWT)}${cursor}

${item}.setControl(${control});
${item}.setHeight(${control}.computeSize(SWT.DEFAULT, SWT.DEFAULT).y);</template><template autoinsert="false" context="java-statements" deleted="false" description="$FALL-THROUGH$ marker" enabled="true" id="org.eclipse.jdt.ui.templates.fall-through" name="fall-through">//$$FALL-THROUGH$$</template><template autoinsert="true" context="javadoc" deleted="false" description="&lt;code&gt;false&lt;/code&gt;" enabled="true" id="org.eclipse.jdt.ui.templates.code_tag_false" name="false">&lt;code&gt;false&lt;/code&gt;</template><template autoinsert="true" context="postfix" deleted="false" description="Creates a new field" enabled="true" id="org.eclipse.jdt.postfixcompletion.field" name="field">${field:newField(i)} = ${i:inner_expression};${cursor}</template><template autoinsert="false" context="java-statements" deleted="false" description="finally block" enabled="true" id="org.eclipse.jdt.ui.templates.finally" name="finally">finally {
	${cursor}
}</template><template autoinsert="false" context="java-statements" deleted="false" description="use index on array" enabled="true" id="org.eclipse.jdt.ui.templates.for_array" name="for">for (int ${index} = 0; ${index} &lt; ${array}.length; ${index}++) {
	${line_selection}${cursor}
}</template><template autoinsert="false" context="java-statements" deleted="false" description="use index on array with temporary variable" enabled="true" id="org.eclipse.jdt.ui.templates.for_temp" name="for">for (int ${index} = 0; ${index} &lt; ${array}.length; ${index}++) {
	${array_type} ${array_element} = ${array}[${index}];
	${cursor}
}</template><template autoinsert="false" context="java-statements" deleted="false" description="iterate over collection" enabled="true" id="org.eclipse.jdt.ui.templates.for_collection" name="for">for (${iteratorType:newType(java.util.Iterator)} ${iterator} = ${collection}.iterator(); ${iterator}.hasNext(); ) {
	${type:elemType(collection)} ${name:newName(type)} = (${type}) ${iterator}.next();
	${cursor}
}</template><template autoinsert="true" context="postfix" deleted="false" description="Creates a for statement" enabled="true" id="org.eclipse.jdt.postfixcompletion.for" name="for">for (${type:newActualType(i)} ${n:newName(i)} : ${i:inner_expression(java.util.Collection,array)}) {&#13;
	${cursor}&#13;
}</template><template autoinsert="false" context="java-statements" deleted="false" description="iterate over an array or Iterable" enabled="true" id="org.eclipse.jdt.ui.templates.for_iterable" name="foreach">for (${iterable_type} ${iterable_element} : ${iterable}) {
	${cursor}
}</template><template autoinsert="true" context="postfix" deleted="false" description="Creates a for statement which iterates over an array" enabled="true" id="org.eclipse.jdt.postfixcompletion.fori" name="fori">for (int ${index} = 0; i &lt; ${i:inner_expression(array)}.length; ${index}++) {&#13;
	${cursor}&#13;
}</template><template autoinsert="true" context="postfix" deleted="false" description="Creates an indexed for statement which uses the given integer as upper bound" enabled="true" id="org.eclipse.jdt.postfixcompletion.foriub" name="foriub">for (int ${index} = 0; i &lt; ${i:inner_expression(int)}; ${index}++) {&#13;
	${cursor}&#13;
}</template><template autoinsert="true" context="postfix" deleted="false" description="Creates a for statement which iterates over an array in reverse order" enabled="true" id="org.eclipse.jdt.postfixcompletion.forr" name="forr">for (int ${index} = ${i:inner_expression(array)}.length - 1; i &gt;= 0; ${index}--) {&#13;
	${cursor}&#13;
}</template><template autoinsert="true" context="postfix" deleted="false" description="Creates an indexed for statement which uses the given integer - 1 as starting value (counting backwards)" enabled="true" id="org.eclipse.jdt.postfixcompletion.forrlb" name="forrlb">for (int ${index} = ${i:inner_expression(int)} - 1; i &gt;= 0 ; ${index}--) {&#13;
	${cursor}&#13;
}</template><template autoinsert="false" context="swt-statements" deleted="false" description="new GridData for a Control" enabled="true" id="org.eclipse.jdt.ui.text.codetemplates.swt.griddata" name="GridData">${gridData:newType(org.eclipse.swt.layout.GridData)} ${layoutData:newName(org.eclipse.swt.layout.GridData)} = new ${gridData}(SWT.${horizontal:link(FILL, BEGINNING, CENTER, END)}, SWT.${vertical:link(FILL, TOP, CENTER, BOTTOM)}, ${hex:link(true, false)}, ${vex:link(false, true)});
${layoutData}.widthHint= ${width:link(SWT.DEFAULT)};
${layoutData}.heightHint= ${height:link(SWT.DEFAULT)};
${parent:var(org.eclipse.swt.widgets.Control)}.setLayoutData(${layoutData});
${imp:import(org.eclipse.swt.SWT)}${cursor}</template><template autoinsert="false" context="swt-statements" deleted="false" description="using GridDataFactory for a Control" enabled="true" id="org.eclipse.jdt.ui.text.codetemplates.swt.griddatafactory" name="GridDataFactory">GridDataFactory.fillDefaults().grab(true, false).applyTo(${parent:var(org.eclipse.swt.widgets.Control)});
${imp:import(org.eclipse.jface.layout.GridDataFactory)}${cursor}</template><template autoinsert="false" context="swt-statements" deleted="false" description="new GridLayout for a Composites" enabled="true" id="org.eclipse.jdt.ui.text.codetemplates.swt.gridlayout" name="GridLayout">${gridLayout:newType(org.eclipse.swt.layout.GridLayout)} ${layout:newName(org.eclipse.swt.layout.GridLayout)} = new ${gridLayout}(${columns:link(1, 2, 3, 4, 5)}, ${width:link(false, true)});
${layout}.marginWidth = ${marginW:link(5, 0)};
${layout}.marginHeight = ${marginH:link(5, 0)};
${layout}.verticalSpacing = ${vSpacing:link(0, 5)};
${layout}.horizontalSpacing = ${hSpacing:link(0, 5)};
${parent:var(org.eclipse.swt.widgets.Composite)}.setLayout(${layout});
${cursor}</template><template autoinsert="false" context="swt-statements" deleted="false" description="new Group with GridLayout" enabled="true" id="org.eclipse.jdt.ui.text.codetemplates.swt.group" name="Group">${groupType:newType(org.eclipse.swt.widgets.Group)} ${group:newName(org.eclipse.swt.widgets.Group)}= new ${groupType}(${parent:var(org.eclipse.swt.widgets.Composite)}, ${style:link(SWT.NONE, SWT.SHADOW_ETCHED_IN, SWT.SHADOW_ETCHED_OUT, SWT.SHADOW_IN, SWT.SHADOW_OUT, SWT.SHADOW_NONE)});
${group}.setLayoutData(new ${gridDataType:newType(org.eclipse.swt.layout.GridData)}(SWT.${horizontal:link(FILL, BEGINNING, CENTER, END)}, SWT.${vertical:link(FILL, TOP, CENTER, BOTTOM)}, ${hex:link(true, false)}, ${vex:link(false, true)}));
${group}.setLayout(new ${layoutType:newType(org.eclipse.swt.layout.GridLayout)}(${numberColumns:link(1, 2, 3, 4, 5)}, ${equalColumns:link(false, true)}));
${group}.setText(${word_selection}${});
${imp:import(org.eclipse.swt.SWT)}${cursor}</template><template autoinsert="false" context="java-statements" deleted="false" description="if statement" enabled="true" id="org.eclipse.jdt.ui.templates.if" name="if">if (${condition:var(boolean)}) {
	${line_selection}${cursor}
}</template><template autoinsert="false" context="java-statements" deleted="false" description="if else statement" enabled="true" id="org.eclipse.jdt.ui.templates.ifelse" name="ifelse">if (${condition:var(boolean)}) {
	${cursor}
} else {
	
}</template><template autoinsert="false" context="java-statements" deleted="false" description="if statement checking for not null" enabled="true" id="org.eclipse.jdt.ui.templates.ifnotnull" name="ifNotNull">if (${name:var} != null) {
	${cursor}
}</template><template autoinsert="false" context="java-statements" deleted="false" description="if statement checking for null" enabled="true" id="org.eclipse.jdt.ui.templates.ifnull" name="ifNull">if (${name:var} == null) {
	${cursor}
}</template><template autoinsert="false" context="swt-statements" deleted="false" description="new Image" enabled="true" id="org.eclipse.jdt.ui.text.codetemplates.swt.image" name="Image">${labelType:newType(org.eclipse.swt.widgets.Label)} ${image:newName(org.eclipse.swt.widgets.Label)}= new ${labelType}(${parent:var(org.eclipse.swt.widgets.Composite)}, ${style:link(SWT.NONE, SWT.BORDER)});
${image}.setLayoutData(new ${type:newType(org.eclipse.swt.layout.GridData)}(SWT.${horizontal:link(BEGINNING, CENTER, END, FILL)}, SWT.${vertical:link(CENTER, TOP, BOTTOM, FILL)}, ${hex:link(false, true)}, ${vex:link(false, true)}));
${image}.setImage(${word_selection}${});
${imp:import(org.eclipse.swt.SWT)}${cursor}</template><template autoinsert="false" context="java-statements" deleted="false" description="dynamic type test and cast" enabled="true" id="org.eclipse.jdt.ui.templates.instanceof" name="instanceof">if (${name:var} instanceof ${type}) {
	${type} ${new_name} = (${type})${name};
	${cursor}
}</template><template autoinsert="false" context="swt-statements" deleted="false" description="new Label" enabled="true" id="org.eclipse.jdt.ui.text.codetemplates.swt.label" name="Label">${labelType:newType(org.eclipse.swt.widgets.Label)} ${label:newName(org.eclipse.swt.widgets.Label)}= new ${labelType}(${parent:var(org.eclipse.swt.widgets.Composite)}, ${style:link(SWT.NONE, SWT.WRAP, 'SWT.SEPARATOR | SWT.HORIZONTAL', 'SWT.SEPARATOR | SWT.VERTICAL')});
${label}.setLayoutData(new ${type:newType(org.eclipse.swt.layout.GridData)}(SWT.${horizontal:link(BEGINNING, CENTER, END, FILL)}, SWT.${vertical:link(CENTER, TOP, BOTTOM, FILL)}, ${hex:link(false, true)}, ${vex:link(false, true)}));
${label}.setText(${word_selection}${});
${imp:import(org.eclipse.swt.SWT)}${cursor}</template><template autoinsert="false" context="java-statements" deleted="false" description="lazy creation" enabled="true" id="org.eclipse.jdt.ui.templates.lazy" name="lazy">if (${name:var} == null) {
	${name} = new ${type}(${arguments});
	${cursor}
}

return ${name};</template><template autoinsert="false" context="swt-statements" deleted="false" description="new Link" enabled="true" id="org.eclipse.jdt.ui.text.codetemplates.swt.link" name="Link">${linkType:newType(org.eclipse.swt.widgets.Link)} ${link:newName(org.eclipse.swt.widgets.Link)}= new ${linkType}(${parent:var(org.eclipse.swt.widgets.Composite)}, SWT.NONE);
${link}.setLayoutData(new ${type:newType(org.eclipse.swt.layout.GridData)}(SWT.${horizontal:link(BEGINNING, CENTER, END, FILL)}, SWT.${vertical:link(CENTER, TOP, BOTTOM, FILL)}, ${hex:link(false, true)}, ${vex:link(false, true)}));
${link}.setText(${word_selection}${});
${link}.addSelectionListener(new SelectionAdapter() {
			@Override
			public void widgetSelected(SelectionEvent e) {
				${listener:link('')}
			}
		});
${imp:import(org.eclipse.swt.SWT, org.eclipse.swt.events.SelectionAdapter, org.eclipse.swt.events.SelectionEvent)}${cursor}</template><template autoinsert="false" context="swt-statements" deleted="false" description="new List" enabled="true" id="org.eclipse.jdt.ui.text.codetemplates.swt.list" name="List">${type:newType(org.eclipse.swt.widgets.List)} ${list:newName(org.eclipse.swt.widgets.List)}= new ${type}(${parent:var(org.eclipse.swt.widgets.Composite)}, ${style:link('SWT.MULTI | SWT.V_SCROLL | SWT.H_SCROLL', 'SWT.MULTI | SWT.V_SCROLL', SWT.MULTI, 'SWT.SINGLE | SWT.V_SCROLL | SWT.H_SCROLL', 'SWT.SINGLE | SWT.V_SCROLL', SWT.SINGLE)});
${list}.setLayoutData(new ${gridDataType:newType(org.eclipse.swt.layout.GridData)}(SWT.${horizontal:link(FILL, BEGINNING, CENTER, END)}, SWT.${vertical:link(FILL, TOP, CENTER, BOTTOM)}, ${hex:link(true, false)}, ${vex:link(true, false)}));
${list}.setItems(${word_selection}${});
${imp:import(org.eclipse.swt.SWT)}${cursor}</template><template autoinsert="false" context="java-statements" deleted="false" description="explicit lock acquisition" enabled="true" id="org.eclipse.jdt.ui.templates.lock" name="lock">${lock:var(java.util.concurrent.locks.Lock)}.lock();
try {
	${line_selection}${cursor}
} finally {
	${lock}.unlock();
}</template><template autoinsert="false" context="java-members" deleted="false" description="main method" enabled="true" id="org.eclipse.jdt.ui.templates.main" name="main">public static void main(String[] args) {
	${cursor}
}</template><template autoinsert="false" context="swt-statements" deleted="false" description="new top level Shell with event loop" enabled="true" id="org.eclipse.jdt.ui.text.codetemplates.swt.mainloop" name="mainloop">${displayType:newType(org.eclipse.swt.widgets.Display)} ${display:newName(org.eclipse.swt.widgets.Display)} = new ${displayType}();
${shellType:newType(org.eclipse.swt.widgets.Shell)} ${shell:newName(org.eclipse.swt.widgets.Shell)} = new ${shellType}(${display});
${shell}.setLayout(new ${layoutType:newType(org.eclipse.swt.layout.GridLayout)}(${numberColumns:link(1, 2, 3, 4, 5)}, ${equalColumns:link(false, true)}));

${cursor}

${shell}.pack();
${shell}.open();
while (!${shell}.isDisposed()) {
	if (!${display}.readAndDispatch ()) 
		${display}.sleep();
}
${display}.dispose();</template><template autoinsert="false" context="java" deleted="false" description="create new object" enabled="true" id="org.eclipse.jdt.ui.templates.new" name="new">${type} ${name} = new ${type}(${});</template><template autoinsert="false" context="java-empty" deleted="false" description="create new class" enabled="true" id="org.eclipse.jdt.ui.templates.new_class" name="new_class">package ${enclosing_package};

public class ${primary_type_name} ${cursor} {

}</template><template autoinsert="false" context="java-empty" deleted="false" description="create new enumeration" enabled="true" id="org.eclipse.jdt.ui.templates.new_enum" name="new_enum">package ${enclosing_package};

public enum ${primary_type_name} ${cursor} {

}</template><template autoinsert="false" context="java-empty" deleted="false" description="create new interface" enabled="true" id="org.eclipse.jdt.ui.templates.new_iface" name="new_iface">package ${enclosing_package};

public interface ${primary_type_name} ${cursor} {

}</template><template autoinsert="false" context="module" deleted="false" description="create module declaration" enabled="true" id="org.eclipse.jdt.ui.templates.new_module" name="new_module">module ${name} {
	${cursor}
}</template><template autoinsert="false" context="java-empty" deleted="false" description="create new record" enabled="true" id="org.eclipse.jdt.ui.templates.new_record" name="new_record">package ${enclosing_package};

public record ${primary_type_name}(${cursor}) {

}</template><template autoinsert="false" context="java" deleted="false" description="non-externalized string marker" enabled="true" id="org.eclipse.jdt.ui.templates.non-nls" name="nls">//$$NON-NLS-${N}$$</template><template autoinsert="true" context="postfix" deleted="false" description="Creates an if statement and checks if the expression does not resolve to null" enabled="true" id="org.eclipse.jdt.postfixcompletion.nnull" name="nnull">if (${i:inner_expression(java.lang.Object,array)} != null) {&#13;
	${cursor}&#13;
}</template><template autoinsert="true" context="javadoc" deleted="false" description="&lt;code&gt;null&lt;/code&gt;" enabled="true" id="org.eclipse.jdt.ui.templates.code_tag_null" name="null">&lt;code&gt;null&lt;/code&gt;</template><template autoinsert="true" context="postfix" deleted="false" description="Creates an if statement which checks if expression resolves to null" enabled="true" id="org.eclipse.jdt.postfixcompletion.null" name="null">if (${i:inner_expression(java.lang.Object,array)} == null) {&#13;
	${cursor}&#13;
}</template><template autoinsert="false" context="java-members" deleted="false" description="private method" enabled="true" id="org.eclipse.jdt.ui.templates.private_method" name="private_method">private ${void} ${name}(${}) {
	${cursor}
}</template><template autoinsert="false" context="java-members" deleted="false" description="private static method" enabled="true" id="org.eclipse.jdt.ui.templates.private_static_method" name="private_static_method">private static ${void} ${name}(${}) {
	${cursor}
}</template><template autoinsert="false" context="java-members" deleted="false" description="protected method" enabled="true" id="org.eclipse.jdt.ui.templates.protected_method" name="protected_method">protected ${void} ${name}(${}) {
	${cursor}
}</template><template autoinsert="false" context="java-members" deleted="false" description="public method" enabled="true" id="org.eclipse.jdt.ui.templates.public_method" name="public_method">public ${void} ${name}(${}) {
	${cursor}
}</template><template autoinsert="false" context="java-members" deleted="false" description="public static method" enabled="true" id="org.eclipse.jdt.ui.templates.public_static_method" name="public_static_method">public static ${void} ${name}(${}) {
	${cursor}
}</template><template autoinsert="true" context="java-members" deleted="false" description="Insert Test method(Quick JUnit)" enabled="true" id="junit.extensions.eclipse.quick" name="Q">@${testType:newType(org.junit.Test)}
public void ${testname}() throws Exception {
	${junit:importStatic('org.junit.Assert.*')}${cursor} 
}</template><template autoinsert="false" context="java" deleted="false" description="runnable" enabled="true" id="org.eclipse.jdt.ui.templates.runnable" name="runnable">new Runnable() {
	public void run() {
		${line_selection}
	}
}</template><template autoinsert="false" context="swt-statements" deleted="false" description="new SashForm" enabled="true" id="org.eclipse.jdt.ui.text.codetemplates.swt.sashform" name="SashForm">${type:newType(org.eclipse.swt.custom.SashForm)} ${sash:newName(org.eclipse.swt.custom.SashForm)}= new ${type}(${parent:var(org.eclipse.swt.widgets.Composite)}, ${style:link(SWT.HORIZONTAL, SWT.VERTICAL)});
${sash}.setLayoutData(new ${gridDataType:newType(org.eclipse.swt.layout.GridData)}(SWT.${horizontal:link(FILL, BEGINNING, CENTER, END)}, SWT.${vertical:link(FILL, TOP, CENTER, BOTTOM)}, ${hex:link(true, false)}, ${vex:link(true, false)}));
${imp:import(org.eclipse.swt.SWT)}${cursor}

${sash}.setWeights(new int[] {1, 1});</template><template autoinsert="false" context="swt-statements" deleted="false" description="new Scale" enabled="true" id="org.eclipse.jdt.ui.text.codetemplates.swt.scale" name="Scale">${scaleType:newType(org.eclipse.swt.widgets.Scale)} ${scale:newName(org.eclipse.swt.widgets.Scale)}= new ${scaleType}(${parent:var(org.eclipse.swt.widgets.Composite)}, ${style:link(SWT.HORIZONTAL, SWT.VERTICAL)});
${scale}.setLayoutData(new ${gridDataType:newType(org.eclipse.swt.layout.GridData)}(SWT.${horizontal:link(BEGINNING, FILL, CENTER, END)}, SWT.${vertical:link(CENTER, TOP, BOTTOM, FILL)}, ${hex:link(false, true)}, ${vex:link(false, true)}));
${scale}.setMaximum(${max:link(100)});
${scale}.setIncrement(${inc:link(5)});
${imp:import(org.eclipse.swt.SWT)}${cursor}</template><template autoinsert="false" context="swt-statements" deleted="false" description="new ScrolledComposite" enabled="true" id="org.eclipse.jdt.ui.text.codetemplates.swt.scrolledcomposite" name="ScrolledComposite">${compositeType:newType(org.eclipse.swt.custom.ScrolledComposite)} ${scrolled:newName(org.eclipse.swt.custom.ScrolledComposite)} = new ${compositeType}(${parent:var(org.eclipse.swt.widgets.Composite)}, ${style:link('SWT.H_SCROLL | SWT.V_SCROLL', SWT.H_SCROLL, SWT.V_SCROLL)});
${scrolled}.setLayoutData(new ${gridDataType:newType(org.eclipse.swt.layout.GridData)}(SWT.${horizontal:link(FILL, BEGINNING, CENTER, END)}, SWT.${vertical:link(FILL, TOP, CENTER, BOTTOM)}, ${hex:link(true, false)}, ${vex:link(true, false)}));
${scrolled}.setExpandVertical(${exV:link(false, true)});
${scrolled}.setExpandHorizontal(${exH:link(false, true)});
${imp:import(org.eclipse.swt.SWT)}${cursor}

${scrolled}.setContent(${content});
Point ${contentSize:newName(org.eclipse.swt.graphics.Point)} = ${content}.computeSize(SWT.DEFAULT, SWT.DEFAULT);
${content}.setSize(${contentSize});
${scrolled}.setMinSize(${contentSize});</template><template autoinsert="false" context="swt-statements" deleted="false" description="new Shell" enabled="true" id="org.eclipse.jdt.ui.text.codetemplates.swt.shell" name="Shell">${shellType:newType(org.eclipse.swt.widgets.Shell)} ${shell:newName(org.eclipse.swt.widgets.Shell)} = new ${shellType}(${parent:var(org.eclipse.swt.widgets.Shell)}, ${style:link('SWT.DIALOG_TRIM | SWT.PRIMARY_MODAL', 'SWT.DIALOG_TRIM | SWT.MODELESS', 'SWT.SHELL_TRIM | SWT.MODELESS', 'SWT.SHELL_TRIM | SWT.PRIMARY_MODAL')});
${shell}.setLayout(new ${layoutType:newType(org.eclipse.swt.layout.GridLayout)}(${numberColumns:link(1, 2, 3, 4, 5)}, ${equalColumns:link(false, true)}));

${imp:import(org.eclipse.swt.SWT)}${cursor}

${shell}.pack();

${shell}.open();</template><template autoinsert="true" context="postfix" deleted="false" description="Creates a short if statement" enabled="true" id="org.eclipse.jdt.postfixcompletion.sif" name="sif">((${i:inner_expression(boolean)}) ? ${} : ${cursor})</template><template autoinsert="true" context="postfix" deleted="false" description="Creates an if statement which checks if the expression does not resolve to null" enabled="true" id="org.eclipse.jdt.postfixcompletion.snnull" name="snnull">(${i:inner_expression(java.lang.Object,array)} != null) ? ${inner_expression}${} : ${cursor}</template><template autoinsert="true" context="postfix" deleted="false" description="Creates a short if statement which checks for null" enabled="true" id="org.eclipse.jdt.postfixcompletion.snull" name="snull">(${i:inner_expression(java.lang.Object,array)} == null) ? ${} : ${inner_expression}${cursor}</template><template autoinsert="false" context="swt-statements" deleted="false" description="new Spinner" enabled="true" id="org.eclipse.jdt.ui.text.codetemplates.swt.spinner" name="Spinner">${spinnerType:newType(org.eclipse.swt.widgets.Spinner)} ${spinner:newName(org.eclipse.swt.widgets.Spinner)}= new ${spinnerType}(${parent:var(org.eclipse.swt.widgets.Composite)}, ${style:link(SWT.BORDER, 'SWT.WRAP | SWT.BORDER', 'SWT.READ_ONLY | SWT.BORDER', 'SWT.READ_ONLY | SWT.WRAP | SWT.BORDER', SWT.WRAP, SWT.READ_ONLY)});
${spinner}.setLayoutData(new ${gridDataType:newType(org.eclipse.swt.layout.GridData)}(SWT.${horizontal:link(BEGINNING, CENTER, END, FILL)}, SWT.${vertical:link(CENTER, TOP, BOTTOM, FILL)}, ${hex:link(false, true)}, ${vex:link(false, true)}));
${spinner}.setMaximum(${max:link(10)});
${spinner}.setIncrement(${inc:link(1)});
${imp:import(org.eclipse.swt.SWT)}${cursor}</template><template autoinsert="false" context="java-members" deleted="false" description="static final field" enabled="true" id="org.eclipse.jdt.ui.templates.static_final" name="static_final">${visibility:link('public ','protected ','','private ')}static final ${type:link(String,int)} ${NAME} = ${expr:link('""',0)};</template><template autoinsert="true" context="postfix" deleted="false" description="Creates a new stream using Stream.of" enabled="true" id="org.eclipse.jdt.postfixcompletion.stream" name="stream">Stream.of(${i:inner_expression(array)})${cursor}</template><template autoinsert="false" context="swt-statements" deleted="false" description="new StyledText " enabled="true" id="org.eclipse.jdt.ui.text.codetemplates.swt.styledtext" name="StyledText">${type:newType(org.eclipse.swt.custom.StyledText)} ${text:newName(org.eclipse.swt.custom.StyledText)}= new ${type}(${parent:var(org.eclipse.swt.widgets.Composite)}, ${style:link('SWT.V_SCROLL | SWT.H_SCROLL', 'SWT.V_SCROLL | SWT.H_SCROLL | SWT.READ_ONLY', 'SWT.WRAP | SWT.V_SCROLL', SWT.NONE, SWT.BORDER, SWT.FULL_SELECTION)});
${text}.setLayoutData(new ${gridDataType:newType(org.eclipse.swt.layout.GridData)}(SWT.${horizontal:link(FILL, BEGINNING, CENTER, END)}, SWT.${vertical:link(FILL, TOP, CENTER, BOTTOM)}, ${hex:link(true, false)}, ${vex:link(true, false)}));
${text}.setText(${word_selection}${});
${imp:import(org.eclipse.swt.SWT)}${cursor}</template><template autoinsert="false" context="swt-statements" deleted="false" description="new StyleRange for a StyledText" enabled="true" id="org.eclipse.jdt.ui.text.codetemplates.swt.stylerange" name="StyleRange">${type:newType(org.eclipse.swt.custom.StyleRange)} ${range:newName(org.eclipse.swt.custom.StyleRange)}= new ${type}();
${range}.start= ${start:link(0)};
${range}.length= ${length:link(0)};
${range}.foreground= ${fColor:link(null, 'Display.getDefault().getSystemColor(SWT.COLOR_BLACK)', 'Display.getDefault().getSystemColor(SWT.COLOR_WHITE)', 'Display.getDefault().getSystemColor(SWT.COLOR_RED)', 'Display.getDefault().getSystemColor(SWT.COLOR_BLUE)', 'Display.getDefault().getSystemColor(SWT.COLOR_GREEN)')};
${range}.background= ${bColor:link(null, 'Display.getDefault().getSystemColor(SWT.COLOR_BLACK)', 'Display.getDefault().getSystemColor(SWT.COLOR_WHITE)', 'Display.getDefault().getSystemColor(SWT.COLOR_RED)', 'Display.getDefault().getSystemColor(SWT.COLOR_BLUE)', 'Display.getDefault().getSystemColor(SWT.COLOR_GREEN)')};
${range}.fontStyle= ${fStyle:link(SWT.NORMAL, SWT.ITALIC, SWT.BOLD)};
${text:var(org.eclipse.swt.custom.StyledText)}.setStyleRange(${range});
${imp:import(org.eclipse.swt.SWT, org.eclipse.swt.widgets.Display)}${cursor}</template><template autoinsert="false" context="java-statements" deleted="false" description="switch case statement" enabled="true" id="org.eclipse.jdt.ui.templates.switch" name="switch">switch (${key}) {
	case ${value}:
		${cursor}
		break;

	default:
		break;
}</template><template autoinsert="false" context="java-statements" deleted="false" description="switch labeled statement" enabled="true" id="org.eclipse.jdt.ui.templates.switch.labeled" name="switch">switch (${key}) {
	case ${value} -&gt;
		${cursor}
		

	default -&gt;
		throw new IllegalArgumentException("Unexpected value: " + ${key});
}</template><template autoinsert="false" context="java" deleted="false" description="switch case expression" enabled="true" id="org.eclipse.jdt.ui.templates.switch.case.expression" name="switch">switch (${key}) {
	case ${value}: {
		${cursor}
		yield ${type};
	}
	default:
		throw new IllegalArgumentException("Unexpected value: " + ${key});
}</template><template autoinsert="false" context="java" deleted="false" description="switch labeled expression" enabled="true" id="org.eclipse.jdt.ui.templates.switch.labeled.expression" name="switch">switch (${key}) {
	case ${value} -&gt;
		${cursor}
		

	default -&gt;
		throw new IllegalArgumentException("Unexpected value: " + ${key});
}</template><template autoinsert="false" context="java-statements" deleted="false" description="synchronized block" enabled="true" id="org.eclipse.jdt.ui.templates.synchronized" name="synchronized">synchronized (${mutex:var}) {
	${line_selection}
}</template><template autoinsert="true" context="java-statements" deleted="false" description="print to standard error" enabled="true" id="org.eclipse.jdt.ui.templates.syserr" name="syserr">System.err.println(${word_selection}${});${cursor}</template><template autoinsert="true" context="java-statements" deleted="false" description="print to standard out" enabled="true" id="org.eclipse.jdt.ui.templates.sysout" name="sysout">System.out.println(${word_selection}${});${cursor}</template><template autoinsert="true" context="postfix" deleted="false" description="Sends the affected string to a System.out.println(..) call" enabled="true" id="org.eclipse.jdt.postfixcompletion.sysout" name="sysout">System.out.println(${i:inner_expression(java.lang.String)}${});${cursor}</template><template autoinsert="true" context="java-statements" deleted="false" description="print current method to standard out" enabled="true" id="org.eclipse.jdt.ui.templates.systrace" name="systrace">System.out.println("${enclosing_type}.${enclosing_method}()");</template><template autoinsert="false" context="swt-statements" deleted="false" description="new TabFolder" enabled="true" id="org.eclipse.jdt.ui.text.codetemplates.swt.tabfolder" name="TabFolder">${type:newType(org.eclipse.swt.widgets.TabFolder)} ${folder:newName(org.eclipse.swt.widgets.TabFolder)}= new ${type}(${parent:var(org.eclipse.swt.widgets.Composite)}, ${style:link(SWT.TOP, SWT.BOTTOM)});
${folder}.setLayoutData(new ${gridDataType:newType(org.eclipse.swt.layout.GridData)}(SWT.${horizontal:link(FILL, BEGINNING, CENTER, END)}, SWT.${vertical:link(FILL, TOP, CENTER, BOTTOM)}, ${hex:link(true, false)}, ${vex:link(true, false)}));
${imp:import(org.eclipse.swt.SWT)}${cursor}</template><template autoinsert="false" context="swt-statements" deleted="false" description="new TabItem for a TabFolder" enabled="true" id="org.eclipse.jdt.ui.text.codetemplates.swt.tabitem" name="TabItem">${type:newType(org.eclipse.swt.widgets.TabItem)} ${item:newName(org.eclipse.swt.widgets.TabItem)}= new ${type}(${parent:var(org.eclipse.swt.widgets.TabFolder)}, SWT.NONE);
${item}.setText(${word_selection}${});
${imp:import(org.eclipse.swt.SWT)}${cursor}

${item}.setControl(${control});</template><template autoinsert="false" context="swt-statements" deleted="false" description="new Table" enabled="true" id="org.eclipse.jdt.ui.text.codetemplates.swt.table" name="Table">${type:newType(org.eclipse.swt.widgets.Table)} ${table:newName(org.eclipse.swt.widgets.Table)}= new ${type}(${parent:var(org.eclipse.swt.widgets.Composite)}, ${style:link('SWT.SINGLE | SWT.FULL_SELECTION', 'SWT.MULTI | SWT.FULL_SELECTION', SWT.CHECK, SWT.NONE, SWT.VIRTUAL)});
${table}.setLayoutData(new ${gridDataType:newType(org.eclipse.swt.layout.GridData)}(SWT.${horizontal:link(FILL, BEGINNING, CENTER, END)}, SWT.${vertical:link(FILL, TOP, CENTER, BOTTOM)}, ${hex:link(true, false)}, ${vex:link(true, false)}));
${table}.setLinesVisible(${line:link(true, false)});
${table}.setHeaderVisible(${header:link(true, false)});
${imp:import(org.eclipse.swt.SWT)}${cursor}

for (int ${index} = 0; ${index} &lt; ${table}.getColumnCount(); ${index}++) {
	${table}.getColumn(${index}).pack();
}</template><template autoinsert="false" context="swt-statements" deleted="false" description="new TableColumn for a Table " enabled="true" id="org.eclipse.jdt.ui.text.codetemplates.swt.tablecolumn" name="TableColumn">${type:newType(org.eclipse.swt.widgets.TableColumn)} ${column:newName(org.eclipse.swt.widgets.TableColumn)}= new ${type}(${parent:var(org.eclipse.swt.widgets.Table)}, ${style:link(SWT.LEAD, SWT.CENTER, SWT.TRAIL)});
${column}.setText(${word_selection}${});
${imp:import(org.eclipse.swt.SWT)}${cursor}</template><template autoinsert="false" context="swt-statements" deleted="false" description="new TableItem for a Table" enabled="true" id="org.eclipse.jdt.ui.text.codetemplates.swt.tableitem" name="TableItem">${type:newType(org.eclipse.swt.widgets.TableItem)} ${item:newName(org.eclipse.swt.widgets.TableItem)}= new ${type}(${parent:var(org.eclipse.swt.widgets.Table)}, SWT.NONE);
${item}.setText(${count:link(0, 1, 2, 3, 4, 5)}, ${word_selection}${});
${imp:import(org.eclipse.swt.SWT)}${cursor}</template><template autoinsert="false" context="java-members" deleted="false" description="test factory method (JUnit Jupiter)" enabled="true" id="org.eclipse.jdt.ui.templates.testfactory_junit5" name="test_factory">@${testfactoryType:newType(org.junit.jupiter.api.TestFactory)}
${returnType:link('DynamicNode', 'Stream&lt;DynamicNode&gt;', 'Collection&lt;DynamicNode&gt;', 'Iterable&lt;DynamicNode&gt;', 'Iterator&lt;DynamicNode&gt;', 'DynamicNode[]')} ${testFactoryName}() throws Exception {
	// ${todo}: generate dynamic test cases
	${cursor}return null;${typeImports:import('org.junit.jupiter.api.DynamicNode')}${staticImports:importStatic('org.junit.jupiter.api.Assertions.*', 'org.junit.jupiter.api.DynamicContainer.*', 'org.junit.jupiter.api.DynamicTest.*')}
}</template><template autoinsert="false" context="java-members" deleted="false" description="test method (JUnit 5)" enabled="true" id="org.eclipse.jdt.ui.templates.test_junit5" name="test_jupiter">@${testType:newType(org.junit.jupiter.api.Test)}
void ${testName}() throws Exception {
	${staticImport:importStatic('org.junit.jupiter.api.Assertions.*')}${cursor}
}</template><template autoinsert="false" context="java-members" deleted="false" description="test method (JUnit 3)" enabled="true" id="org.eclipse.jdt.ui.templates.test" name="test3">public void test${name}() throws Exception {
	${cursor}
}</template><template autoinsert="false" context="java-members" deleted="false" description="test method (JUnit 4)" enabled="true" id="org.eclipse.jdt.ui.templates.test_junit4" name="test4">@${testType:newType(org.junit.Test)}
public void ${testName}() throws Exception {
	${staticImport:importStatic('org.junit.Assert.*')}${cursor}
}</template><template autoinsert="false" context="swt-statements" deleted="false" description="new Text" enabled="true" id="org.eclipse.jdt.ui.text.codetemplates.swt.text" name="Text">${type:newType(org.eclipse.swt.widgets.Text)} ${text:newName(org.eclipse.swt.widgets.Text)}= new ${type}(${parent:var(org.eclipse.swt.widgets.Composite)}, ${style:link('SWT.SINGLE | SWT.LEAD | SWT.BORDER', 'SWT.SINGLE | SWT.LEAD | SWT.READ_ONLY | SWT.BORDER', 'SWT.SINGLE | SWT.LEAD | SWT.PASSWORD | SWT.BORDER', 'SWT.MULTI | SWT.WRAP | SWT.V_SCROLL | SWT.BORDER', 'SWT.MULTI | SWT.H_SCROLL | SWT.V_SCROLL | SWT.BORDER')});
${text}.setLayoutData(new ${gridDataType:newType(org.eclipse.swt.layout.GridData)}(SWT.${horizontal:link(FILL, BEGINNING, CENTER, END)}, SWT.${vertical:link(CENTER, TOP, BOTTOM, FILL)}, ${hex:link(true, false)}, ${vex:link(false, true)}));
${text}.setText(${word_selection}${});
${imp:import(org.eclipse.swt.SWT)}${cursor}</template><template autoinsert="true" context="postfix" deleted="false" description="Throws the given Exception" enabled="true" id="org.eclipse.jdt.postfixcompletion.throw" name="throw">throw ${true:inner_expression(java.lang.Throwable)};</template><template autoinsert="false" context="java" deleted="false" description="convert collection to array" enabled="true" id="org.eclipse.jdt.ui.templates.toarray" name="toarray">(${type:elemType(collection)}[]) ${collection}.toArray(new ${type}[${collection}.size()])</template><template autoinsert="false" context="swt-statements" deleted="false" description="new ToolBar" enabled="true" id="org.eclipse.jdt.ui.text.codetemplates.swt.toolbar" name="ToolBar">${type:newType(org.eclipse.swt.widgets.ToolBar)} ${bar:newName(org.eclipse.swt.widgets.ToolBar)}= new ${type}(${parent:var(org.eclipse.swt.widgets.Composite)}, ${style:link(SWT.FLAT, SWT.WRAP, SWT.RIGHT, SWT.HORIZONTAL, SWT.VERTICAL, SWT.SHADOW_OUT)});
${bar}.setLayoutData(new ${gridDataType:newType(org.eclipse.swt.layout.GridData)}(SWT.${horizontal:link(FILL, BEGINNING, CENTER, END)}, SWT.${vertical:link(FILL, TOP, CENTER, BOTTOM)}, ${hex:link(true, false)}, ${vex:link(true, false)}));
${imp:import(org.eclipse.swt.SWT)}${cursor}</template><template autoinsert="false" context="swt-statements" deleted="false" description="new ToolItem for a ToolBar" enabled="true" id="org.eclipse.jdt.ui.text.codetemplates.swt.toolitem" name="ToolItem">${type:newType(org.eclipse.swt.widgets.ToolItem)} ${item:newName(org.eclipse.swt.widgets.ToolItem)}= new ${type}(${parent:var(org.eclipse.swt.widgets.ToolBar)}, ${style:link(SWT.PUSH, SWT.CHECK, SWT.RADIO, SWT.SEPARATOR, SWT.DROP_DOWN)});
${item}.setText(${word_selection}${});
${imp:import(org.eclipse.swt.SWT)}${cursor}</template><template autoinsert="false" context="swt-statements" deleted="false" description="new Tree" enabled="true" id="org.eclipse.jdt.ui.text.codetemplates.swt.tree" name="Tree">${type:newType(org.eclipse.swt.widgets.Tree)} ${tree:newName(org.eclipse.swt.widgets.Tree)}= new ${type}(${parent:var(org.eclipse.swt.widgets.Composite)}, ${style:link('SWT.SINGLE | SWT.FULL_SELECTION', 'SWT.MULTI | SWT.FULL_SELECTION', SWT.CHECK, SWT.NONE, SWT.VIRTUAL)});
${tree}.setLayoutData(new ${gridDataType:newType(org.eclipse.swt.layout.GridData)}(SWT.${horizontal:link(FILL, BEGINNING, CENTER, END)}, SWT.${vertical:link(FILL, TOP, CENTER, BOTTOM)}, ${hex:link(true, false)}, ${vex:link(true, false)}));
${tree}.setLinesVisible(${line:link(true, false)});
${tree}.setHeaderVisible(${header:link(true, false)});
${imp:import(org.eclipse.swt.SWT)}${cursor}

for (int ${index} = 0; ${index} &lt; ${tree}.getColumnCount(); ${index}++) {
	${tree}.getColumn(${index}).pack();
}</template><template autoinsert="false" context="swt-statements" deleted="false" description="new TreeColumn for a Tree " enabled="true" id="org.eclipse.jdt.ui.text.codetemplates.swt.treecolumn" name="TreeColumn">${type:newType(org.eclipse.swt.widgets.TreeColumn)} ${column:newName(org.eclipse.swt.widgets.TreeColumn)}= new ${type}(${parent:var(org.eclipse.swt.widgets.Tree)}, ${style:link(SWT.LEAD, SWT.CENTER, SWT.TRAIL)});
${column}.setText(${word_selection}${});
${imp:import(org.eclipse.swt.SWT)}${cursor}</template><template autoinsert="false" context="swt-statements" deleted="false" description="new TreeItem for a Tree" enabled="true" id="org.eclipse.jdt.ui.text.codetemplates.swt.treeitem" name="TreeItem">${type:newType(org.eclipse.swt.widgets.TreeItem)} ${item:newName(org.eclipse.swt.widgets.TreeItem)}= new ${type}(${parent:var(org.eclipse.swt.widgets.Tree, org.eclipse.swt.widgets.TreeItem)}, SWT.NONE);
${item}.setText(${count:link(0, 1, 2, 3, 4, 5)}, ${word_selection}${});
${imp:import(org.eclipse.swt.SWT)}${cursor}</template><template autoinsert="true" context="javadoc" deleted="false" description="&lt;code&gt;true&lt;/code&gt;" enabled="true" id="org.eclipse.jdt.ui.templates.code_tag_true" name="true">&lt;code&gt;true&lt;/code&gt;</template><template autoinsert="false" context="java-statements" deleted="false" description="try catch block" enabled="true" id="org.eclipse.jdt.ui.templates.try" name="try_catch">try {
	${line_selection}${cursor}
} catch (${Exception} ${exception_variable_name}) {
	// ${todo}: handle exception
}</template><template autoinsert="false" context="java-statements" deleted="false" description="try finally block" enabled="true" id="org.eclipse.jdt.ui.templates.tryfinally" name="try_finally">try {
	${line_selection}${cursor}
} finally {
	// ${todo}: handle finally clause
}</template><template autoinsert="true" context="postfix" deleted="false" description="Creates a new variable" enabled="true" id="org.eclipse.jdt.postfixcompletion.var" name="var">${field:newType(inner_expression)} ${var:newName(inner_expression)} = ${inner_expression};${cursor}</template><template autoinsert="false" context="java-statements" deleted="false" description="iterate with enumeration" enabled="true" id="org.eclipse.jdt.ui.templates.while_enumeration" name="while">while (${en:var(java.util.Enumeration)}.hasMoreElements()) {
	${type:argType(en)} ${elem:newName(type)} = (${type}) ${en}.nextElement();
	${cursor}
}</template><template autoinsert="false" context="java-statements" deleted="false" description="iterate with iterator" enabled="true" id="org.eclipse.jdt.ui.templates.while_iterator" name="while">while (${it:var(java.util.Iterator)}.hasNext()) {
	${type:argType(it)} ${elem:newName(type)} = (${type}) ${it}.next();
	${cursor}
}</template><template autoinsert="false" context="java-statements" deleted="false" description="while loop with condition" enabled="true" id="org.eclipse.jdt.ui.templates.while_condition" name="while">while (${condition:var(boolean)}) {
	${line_selection}${cursor}
}</template><template autoinsert="true" context="postfix" deleted="false" description="Creates a while loop" enabled="true" id="org.eclipse.jdt.postfixcompletion.while" name="while">while (${i:inner_expression(boolean)}) {&#13;
	${cursor}&#13;
}</template><template autoinsert="true" context="postfix" deleted="false" description="Creates an if statement which checks if a given numeric variable is within a region" enabled="true" id="org.eclipse.jdt.postfixcompletion.withinregion" name="withinregion">if (${i:inner_expression(float,int,double,long)} &gt;= ${lower_bound} &amp;&amp; ${inner_expression} &lt;= ${upper_bound}) {&#13;
	${cursor}&#13;
}</template>
</templates>